Timestamp,Designation,PKD / Organisation,State,Years of service as PPKA,Date,QUESTION 1: CURRENT FUNCTIONS AND DISTRICT CONTEXT,QUESTION 2: STRENGTHS,QUESTION 3: WEAKNESSES,QUESTION 4: OPPORTUNITIES,QUESTION 5: THREATS AND EMERGING CHALLENGES,Additional Comments (Optional)
24/07/2026 14:23:41,Pegawai Kesihatan Daerah,PKD Papar,Sabah,3,24/07/2026,"PKD Papar carries out disease surveillance and outbreak control, communicable disease prevention, vector control, environmental health, food safety, maternal and child health, school health, immunisation, NCD prevention, health promotion and emergency response. These services are delivered through the PKD and its network of Klinik Kesihatan, Klinik Desa, KKIA and Klinik Komuniti, in collaboration with hospitals, schools, local authorities and other agencies.
Papar has a mixed urban, semi-urban and rural population, including coastal and inland communities. The main factors affecting PKD work are the wide geographical coverage, distance between communities, seasonal flooding, growing population and different levels of access to health services. The district faces both communicable diseases, such as TB, dengue, HFMD and food poisoning, and non-communicable diseases, such as diabetes and hypertension. High-risk settings BWN housing area, Depot Imigresen, PUSPEN, Rumah Warga Tua Kinarut, Rumah Kanak-kanak Kinarut, flood prone area and food premises. Limited staff, increasing workload and the need to manage routine services while responding to outbreaks further increase the complexity of PKD work.","The main strength of PKD Papar is the strong teamwork and cooperation among staff. Effective leadership provides clear direction from management to operational teams, allowing instructions and information to be communicated quickly. Staff from different units are also willing to support one another when additional manpower is needed.
PKD Papar has competent and experienced personnel with good technical skills and knowledge of the local communities. Surveillance data, notifications and field information are regularly reviewed to identify risks and guide action. For example, during outbreaks of food poisoning, HFMD or other communicable diseases, teams can be mobilised quickly to conduct investigations, control activities, health education and follow-up.
Resources such as staff, vehicles, equipment and supplies are managed according to current priorities. This allows PKD Papar to respond quickly and efficiently to disease outbreaks, floods, fires and other emergencies while continuing routine services.
Another important strength is the good collaboration with district agencies, including Hospital Papar, the District Office, local authorities, the Education Department, police, Fire and Rescue Department, Welfare Department and community leaders. The cooperation and trust from local communities also support contact tracing, outbreak investigations, health campaigns and community programmes. These combined strengths enable PKD Papar to deliver its public health functions effectively despite limited resources and a high workload.","PKD Papar continues to deliver its public health functions through good leadership, strong teamwork and support from other agencies and the community. However, service delivery is affected by major resource limitations.
The main challenge is a shortage of staff, especially in management, medical officers, medical assistants, nurses, pharmacy, laboratory and other support services. Many staff must handle several programmes at the same time, affecting routine services, outreach activities and outbreak response. Financial allocations, vehicles, equipment and other assets are also limited.
Some clinics are small and overcrowded, with insufficient space to meet increasing patient needs. The lack of X-ray services at clinics means patients must be referred elsewhere, causing delays and additional travel. PKD Papar also lacks expertise in digital health and data management, while some work still depends on manual or separate systems.
Additional staff, funding, assets, better facilities, diagnostic services and digital expertise are needed for PKD Papar to fulfil its public health mandate more effectively.","The implementation of CCMS in clinics is an important opportunity for PKD Papar. It can improve patient records, data quality, continuity of care and service efficiency.
The rapid development of Papar also creates opportunities to expand and upgrade health facilities, digital infrastructure and public health services to meet the needs of a growing population.
Health system reforms may provide clearer responsibilities and better allocation of staff, funding and assets. Staff training in digital health, data analysis, leadership and outbreak management can strengthen workforce competency.
Closer collaboration with Hospital Papar, UMS, district agencies, schools, NGOs, the private sector and community leaders can also support health programmes, research and emergency response.","Future challenges for PKD Papar include rapid population growth, urbanisation and the increasing non-citizen population, which may raise demand for health services. Population mobility, communication barriers and difficulties with documentation may also affect immunisation, disease surveillance, contact tracing and treatment follow-up.
Changing disease patterns and outbreaks, such as dengue, HFMD, tuberculosis, food poisoning and emerging infections, may further increase workload. Climate change, floods and extreme weather may also increase the risk of disasters and infectious diseases.
Other threats include the increasing burden of non-communicable diseases, health misinformation, and rising community expectations. Limited staff, funding, assets and clinic capacity may reduce PKD Papar’s ability to manage these challenges effectively.",No Tq
24/07/2026 20:01:07,PPKA,PKD Kuantan,PAHANG,5 tahun,24/07/2026,"PKD Kuantan currently doing population profile, the need and demand of the health services including human resources, assets and also do assessment if there are need for upgrade or built new facility ",the main strength are teamwork spirit among the workforce. they always stay together for good community health. besides that the community give their trust and full collaboration for health event ,the weakness is not enough staff and too many event in one time. its difficult to handle many work with limited staff,"One of the most powerful opportunities to strengthen the future role and performance of District Health Offices (PKD) lies in the adoption of advanced digital technologies, particularly Artificial Intelligence (AI). AI can transform PKD operations by enhancing efficiency, accuracy, and responsiveness in several key areas:

Data-Driven Decision Making: AI-powered analytics can integrate surveillance, patient records, and service utilization data into real-time dashboards. This allows PKD to detect disease trends earlier, allocate resources more effectively, and design targeted interventions.

Operational Efficiency: AI can automate routine administrative tasks such as scheduling, reporting, and workload analysis. This reduces staff burden and frees up human resources for direct service delivery.

Predictive Health Intelligence: Machine learning models can forecast outbreaks, anticipate service demand, and identify high-risk populations. PKD can then act proactively rather than reactively.

Community Engagement: AI-enabled chatbots and digital platforms can provide health education, appointment reminders, and feedback channels, strengthening PKD’s relationship with the community.

Workforce Development: AI-driven training tools and simulations can upskill staff in epidemiology, digital literacy, and health financing, ensuring a more competent and future-ready workforce.

Service Innovation: Telehealth platforms enhanced by AI can extend PKD’s reach to underserved populations, while AI-assisted diagnostics can improve the quality of care at the primary level.

By strategically embedding AI into its operations, PKD can evolve from being primarily a program implementer into a smart health system leader at the district level—capable of delivering more responsive, equitable, and sustainable public health services.","An important external challenge that may affect the ability of District Health Offices (PKD) to protect and improve population health is the lack of clarity and contextual relevance in policies and directives issued by the Ministry of Health headquarters (KKM HQ).

When policies are communicated in a vague manner or designed without considering the unique realities at the district level, they often become difficult to interpret, misaligned with local needs, and impractical to implement. This results in operational confusion, delays in execution, and reduced effectiveness of health programs.

For example, a directive intended for urban districts may not be suitable for rural or resource-constrained areas, yet PKD is still expected to comply. Such mismatches weaken the ability of PKD to respond flexibly to local health challenges and undermine community trust in public health services.

To address this, future reforms should emphasize clearer guidance, participatory policy design, and adaptive frameworks that allow PKD to tailor implementation strategies to their specific district context while still aligning with national priorities.",
25/07/2026 00:03:04,DHO,PKB Sibu,sarawak,14,24/07/2026,"Main public health functions in my district
-	Disease control – CDC/NCD
-	Enforcement of public health laws
-	Provision of primary care services via clinics
-	Technical advisory for license approval – pre-school, junk yards, munitions
-	Health advocacy, promotion and risk communication
-	Nutrition advisory
-	Environmental health advisory
-	Internal organization Occupation Health and Safety
-	Food quality and safety
-	Community mobilization and advocacy
-	Training of undergraduate, pre-specialization (mentoring), registrar training, gazettement of PHMS
-	Research and collaboration with universities, hospitals and research centres.
-	Health management
-	International and port health
District unique context – 
1.	Geographic – main town along Rejang river – zoonotic diseases. Many parts with peat soil – water everywhere, 
2.	Logistics
3.	Lack of resources

Features of district 
Dual burden CDC/NCD
Ageing
Political
IHR
",". Main strength
1.	Experienced staff – many senior staff
2.	Strong experienced leadership – current DHO among most experienced 17 years as DHO
3.	Good team work
4.	Supportive political leadership – local YBs supportive
5.	Supportive local business – donations
6.	Good relationship with community leaders
","Q3. Weaknesses
1.	Staff shortage
2.	Ageing equipment
3.	Lack of enough transports
financial/budgetary
4.	Huge land mass and distance
5.	Increasing number of programmes and returns that are repetitive
","Q4. Opportunities
1.	Digitalisation of clinics – save time on data entry 
2.	Increasing number of PHMS
","Q5. Threats
1.	Staffing
2.	Allocation
3.	Too many programmes
4.	New Zoonotic diseases
","Discordance or increasing gap between programme leaders at Central level and implementers...programe planners do not know reality of situation on the ground...eg shortage of staff, equipment etc yet increasing burden of new programme or new system for data entry. Mentality of programme leaders at Central level is to create new programme to boost their CV/Ego and instruct ground people to implement...without  additional resources. "
25/07/2026 21:39:56,District Health Officer,PKD Kuala Nerus,Terengganu,5 years,01/10/2020,"PKD Kuala Nerus provides all the basic Public Health functions, from Disease Prevention and Control (Unit Inspektorat) to Primary Care in which programs covers the Womb to Tomb entities, through 4 health clinics and 10 rural clinics and Pre-Hospital Care Services.  A special added services is through Klinik Kesihatan Pulau Redang, providing primary care services to the community of Pulau Redang. The geography of Kuala Nerus encompasses both land, coastal and island jurisdiction, with rural and semi-urban areas. Portions of the district experiences recurring monsoon floods and stagnant flooding. There is rapid population growth as the district has become and educational, sports and transit hub, with 2 major universities (UMT & UniSZA) and Sultan Mahmud Airport, and State Sports Stadium. Thus the scope of disease surveillance and emergency preparedness surrounds high-transit population and areas.","PKDKN is now 10 years into it's establishment. There are 3 public health medicine specialists (PKD/PKE/PKK) leading at the district level and 7 Family Medicine Specialists (~2 per clinic) leading primary healthcare service delivery at health clinics, and also contributing to public health programs. There has been a steady increase of leadership post for most staff categories (ie: Grade 6 & above), but still needs more addition for supporting positions. PKDKN is well known among community leaders and an important agency within the District Office and State Government. Most implementation of Public Health programs are able to transcend via collaboration between governmental and non-governmental agencies, including the 2 main universities. ","Infrastructural Deficits and Physical Degradation. PKDKN headquarters operates from a converted ILKKM facilities, key administrative and public health units operated in dispersed and makeshift spaces. Eg: The District Pharmacy Logistics Unit currently operates out of a converted domestic kitchen measuring just 42.37 m². This space is grossly inadequate for managing vaccine cold-chain systems, medical consumables, and pharmaceutical distribution for 5 Health Clinics and 6 Rural Clinics, creating continuous storage and inventory flow bottlenecks.  The building of 3 major health clinics (with more than 600 patients attendance daily) are more than 50 years old with structural degradation and inadequate space for operation. ","Digital Health Transformation & Cloud-Based Management Systems - slowly being adapted at 2 out of 4 health clinics and at the administrative and disease surveillance unit (optimising Google Workspace provided my MOH), Multisectoral Strategic Alliances with Educational Institutions (UMT & UniSZA)- joint Public Health programs, research, shared resources (Hospital UniSZA integrated into the MECC sistem for Pre-Hospital care services), student volunteers and outreach networks - helping with health promotion and wellness programs), Adaption of Health City Concept but Local Authorities (Majlis Bandaraya Kuala Terengganu)- designs that facilitates health lifestyle in the community- green space, improve sport facilities, safe pavements, Terengganu Bebas Rokok Inititif), Potential areas to add new health facilities at Bandar Baru Kuala Nerus. Eco-tourism at Pulau Redang - establishing specialised travel health and island healthcare. Community Health Champions (Agenda Nasional Malaysia Sihat - ANMS): Expanding training for Jawatankuasa Pembangunan dan Keselamatan Kampung (JPKK) and community volunteers to act as local health ambassadors - via Wellness Hub at focal point.","1. Climate Change, Rising Sea Levels, and Severe Monsoon Disasters - yearly flooding episodes, constant coastal erosions increases public health threats and further damages vulnerable facilities. 2. Rapid Urbanization, Commercial developments and Demographic Shifts - Unplanned urban density creates risk for vector borne diseases, A shifting demographic profile—combining a large young student population with an aging local population—demands simultaneous management of lifestyle-related Non-Communicable Diseases (Diabetes, Hypertension) alongside youth and adolescent health needs (Social behaviour related communicable diseases - HIV, STDs). 3. Population Mobility, Student Migration, and Tourism Exposure - High daily inflows of domestic and international travelers increase the risk of imported respiratory pathogens, novel infectious diseases, or vector-borne strains entering the community. Floating populations (over 20,000 university students and seasonal island tourists) utilize primary care services and emergency response resources without being fully reflected in static census-based budgetary allocations. 4. Fiscal Constraints and Escalating Maintenance Costs - Without a purpose-built complex, PKD Kuala Nerus must continually divert operating funds toward reactive repairs on 40-year-old buildings (e.g., fixing concrete slab leaks, structural corrosion, and flood damage—which cost over RM1,000,000 between 2020 and 2024). This drains financial resources away from proactive preventive health campaigns and medical technology upgrades.","Human resources, facilities, assets and information technology capacities does not match the constant increase of public health programs and responsibilities, which has become more decentralised. Health in Policies is still not being well received and not fully embraced by other agencies, as much as they support and cooperate with us, the major burden of responsibilities is still being directed towards PKDs. "
27/07/2026 07:36:32,Public Health Medicine Specialist/ Districts Health Officer,PKD Kota Setar ,Kedah,16,27/07/2026,"Situational analysis on current disease burden in the district and implement strategic intervention programme within community, build smart partnership &  intercollabration  with other  relevant stakeholders in the district to create  healthy community / ecosystem as the ultimate aim",With Various public health speciality  in PKD thru effective leadership and  community engagement  can creates trust among community and stakeholders in creating healthy community and environment ,community responses towards healthy lifestyle is still lacking even though lots of effort or campaign had been done to create healthy behavior among them,"Enhancement of digital system,  workforce development, policy reforms, financing and research within PKD could strengthen the future role and performance ","Emerging disease, climate changes and urbanisation and lack of trust  from community are external threats that may effect PKD ","Should invest to upgrade PKD capacity  including infrastructure, digital system , financing , human capital & workforce "
27/07/2026 14:40:59,Pegawai Kesihatan Daerah,PKD Semporna,Sabah,11 yrs,27/07/2026,"Monitor and evaluate population health status, health service utilization, and health system performance.
Surveillance and monitor population health risks, threats, and determinants.
Protect populations against health threats, including emergencies, outbreaks, and environmental hazards.
Promote health and address health determinants through health promotion and disease prevention.
Prevent disease through early detection, screening, immunization, and other preventive measures.
Assure governance for health and well-being, including leadership, policy development, and regulation.
Assure an adequate and competent public health workforce, including education, training, and workforce planning.
Assure sustainable organizational structures and financing for public health services.
Advance public health research, innovation, and knowledge to improve policies and practices.","The main strengths of our PKD that enable it to deliver its public health functions effectively include:
Skilled and committed workforce – Our multidisciplinary team, comprising medical officers, public health specialists, nurses, environmental health officers, and support staff, works collaboratively to provide comprehensive public health services. For example, the team successfully coordinates outbreak investigations, immunization programmes, and maternal and child health services.
Strong disease surveillance and response system – The PKD has established surveillance mechanisms for the early detection and reporting of communicable diseases. For example, rapid response teams conduct timely investigations and implement control measures during dengue, food poisoning, or COVID-19 outbreaks.
Effective collaboration with stakeholders – The PKD works closely with hospitals, schools, local authorities, community leaders, and non-governmental organizations to implement health promotion and disease prevention activities. For example, joint dengue control campaigns and school health programmes have improved community participation.
Comprehensive primary healthcare network – Supported by health clinics and community clinics, the PKD ensures accessible preventive and promotive health services, including immunization, antenatal care, non-communicable disease screening, and health education.
Strong community engagement – Community volunteers and local leaders actively participate in public health initiatives, such as health awareness campaigns, vector control activities, and emergency response, helping to improve programme coverage and public trust.","PKD also faces several challenges that limit its effectiveness. Workforce shortages and increasing workloads often reduce the capacity to carry out preventive and outreach activities. Budget constraints may delay health promotion programmes or environmental health interventions. Rising numbers of non-communicable diseases, an ageing population, and recurring outbreaks of communicable diseases further increase service demands. In some communities, vaccine hesitancy and low participation in health screening programmes reduce the impact of preventive health initiatives. Additionally, geographical barriers in remote areas may affect timely access to healthcare services and public health interventions.","The increasing use of digital health technologies provides significant opportunities to strengthen disease surveillance, data analysis, and service delivery. Digital reporting systems, electronic medical records, mobile health applications, and data dashboards can support real-time monitoring of disease trends, improve decision-making, and enable more targeted public health interventions.
Greater inter-agency collaboration offers another important opportunity. Strengthening partnerships with local authorities, hospitals, educational institutions, non-governmental organisations (NGOs), and community leaders can improve responses to public health issues such as dengue prevention, food safety, outbreak investigations, and health promotion. Multi-sectoral collaboration also helps address the social determinants of health more effectively.
The growing emphasis on community engagement and health literacy provides an opportunity to empower communities to take a more active role in disease prevention and healthy lifestyle practices. Expanding the use of social media, digital campaigns, and community volunteers can increase public awareness, improve vaccination uptake, encourage health screening participation, and strengthen outbreak preparedness.
The adoption of data-driven public health planning can further improve resource allocation and programme effectiveness. By analysing local epidemiological data and health indicators, the PKD can identify priority populations, monitor programme performance, and implement evidence-based interventions tailored to community needs.
Finally, continued capacity building and workforce development present an opportunity to strengthen the competencies of public health personnel. Regular training in epidemiology, emergency preparedness, digital health, leadership, and quality improvement will enable staff to respond more effectively to emerging health challenges, including climate-related health risks and future pandemics.
By leveraging these opportunities, the PKD can become more proactive, resilient, and responsive, ensuring that essential public health services remain effective and sustainable while meeting the evolving health needs of the population.","Several external threats and emerging challenges may affect the PKD's ability to protect and improve population health in the coming years.
One of the most significant threats is climate change, which is expected to increase the frequency of floods, heatwaves, and extreme weather events. These conditions may contribute to higher incidences of vector-borne diseases such as dengue and malaria, waterborne diseases following floods, and heat-related illnesses. For example, prolonged heavy rainfall can create more mosquito breeding sites, leading to dengue outbreaks that require intensive vector control and surveillance activities.
The increasing burden of non-communicable diseases (NCDs), including diabetes, hypertension, obesity, and cardiovascular diseases, presents another major challenge. An ageing population and unhealthy lifestyles will increase demand for chronic disease prevention, screening, and long-term management, placing additional pressure on PKD resources and workforce capacity.
The emergence and re-emergence of infectious diseases remain an ongoing threat. Future outbreaks or pandemics similar to COVID-19, as well as diseases such as measles, influenza, mpox, or antimicrobial-resistant infections, may require rapid mobilisation of public health resources for surveillance, contact tracing, vaccination, and risk communication while maintaining routine health services.
Another challenge is vaccine hesitancy and health misinformation, particularly through social media platforms. The spread of false information can reduce vaccination coverage, increase community resistance to public health interventions, and make outbreak control more difficult. For example, declining childhood immunisation rates may increase the risk of measles outbreaks.
Population growth, urbanisation, and migration may also place additional demands on healthcare services. Rapid urban development can contribute to overcrowding, environmental health issues, and increased transmission of communicable diseases, while migrant and hard-to-reach populations may face barriers in accessing preventive health services.
Finally, resource constraints, including limited funding, shortages of trained public health personnel, and increasing operational costs, may reduce the PKD's capacity to implement preventive programmes, conduct inspections, and respond effectively to emergencies.
To address these threats, the PKD should strengthen emergency preparedness, invest in digital surveillance systems, enhance workforce capacity, promote community engagement, and foster stronger collaboration with other government agencies, local authorities, academic institutions, and community organisations. These strategies will improve resilience and ensure that the PKD remains capable of protecting population health despite future challenges.","An important issue that should be considered in the PKD transformation initiative is ensuring that the transformation is supported by adequate resources, clear governance, and effective change management. While new policies and digital innovations are important, their success depends on sufficient staffing, continuous training, reliable infrastructure, and manageable workloads. Transformation should enhance service delivery without creating additional administrative burdens for frontline healthcare workers.
Another key consideration is strengthening collaboration between the PKD, hospitals, primary care clinics, local authorities, educational institutions, and community organisations. A more integrated and coordinated health system will enable faster responses to public health emergencies, better management of chronic diseases, and more effective health promotion activities.
My expectation is that the PKD transformation initiative will create a more modern, data-driven, and people-centred public health system. The PKD should be empowered with stronger digital capabilities, improved workforce capacity, sustainable funding, and greater autonomy to respond to local public health needs. Continuous professional development and staff well-being should also be prioritised to maintain a motivated and resilient workforce.
Ultimately, I hope the transformation will strengthen the PKD's role as the frontline public health authority, capable of preventing disease, responding rapidly to emerging health threats, reducing health inequalities, and improving the overall health and well-being of the communities it serves. By investing in prevention, innovation, and community partnerships, the PKD will be better positioned to meet future public health challenges and achieve better health outcomes for all."
27/07/2026 14:43:06,District health officer,Pkd Kuala Terengganu ,Terengganu ,7,27/07/2026,"Six main functions: family health care (maternal n child, family planning, adolescent, elderly, men, primary care), disease control (CDC, ncd, acd, contact tracing, inter agency coordination), occupational health, food quality control n safety, health education n promotion, n environmental health n water quality. 

Kuala Terengganu is the capital of Terengganu, most populated and highly dense area. High risk for communicable n non communicable disease.","With limited resource and gigantic population burden, the main strength of pkd Kuala Terengganu is teamwork, leadership and community trust. Multi agency approach with good collaboration with district office, pbt and other agencies are the backbones for our strength.",Limited manpower and resources.,Innovation with digitalisation as the main focus is the opportunity that we utilize.,Threats are from the anti vaccinations groups who are influencing others to hesitate vaccines,
27/07/2026 14:51:50,District Health Officer,PKD Jempol,Negeri Sembilan,1,27/07/2026,"Doing health surveillance of any health events, non-communicable diseases, etc. in my district, majority of land usage is for agriculture - FELDA","Good cooperation between unit, interagency cooperations are good and active community and political involvement","Same person in community level, one off events",Digitalisation in PKD and clinic level services - easy dat acollection and analysis,"Quick turn over rate among staff, changing leadership among intergaency",
27/07/2026 14:52:43,Dr,PKD Seberang Perai Tengah,Penang,11,27/07/2026,Disease burden & population health,Workforce competency & knowledge,Constant change of competent workforce makes it difficult to sustain programmes,"To increase competency in digitalisation at all levels including from HQ, state, PKD and clinic ",Resource constraints and inability to adapt to changes,To focus on enforcing current programmes rather than rebranding 
27/07/2026 14:54:04,"Public Health Medicine Specialist, Division Health Officer",Miri DHO,Sarawak,9,27/07/2026,All the 9 essential public health functions outlined for Public Health Specialty are practiced in the Division through various public health programs and services,Leadership and stewardship that is well versed in the 9 essential public health functions backed with public health technical expertise. Team will work and rally together under this banner.,"Good sound technical public health knowledge and practice from the presiding Public Health Medicine Specialist at the district/division or programs (enabler factor). Half baked program development, failure to understand multi-factorial attributes to a public health outcome (limitation).","Multi-factorial and I believe everything listed as example above comes into the the picture. It varies according to particular issues, problems and public health strategies we would like to address. Importance is to recognize such opportunities and rally the public health team members (i.e PKB team) to work cohesively to translate ideas, opportunities and criticisms into action with result. ","Issue/Problems are identified and sound public health technical knowledge (9 functions) is applied to address, mitigate and resolve the matter.",Public health interventions is a teamwork approach with multi-disciplinary team members addressing a multi-factorial population parameters. We should not confuse ourselves with clinical hospital based parameters and outcomes.
27/07/2026 14:55:45,Pegawai Kesihatan Daerah ,Pkd Kuala Langat ,Selangor ,9 tahun,27/07/2026,"Disease prevention, health promotion, health resource management ",Service delivery to population is the main / core function ,Shortages of health staffs despite many new programs ,"Involvement in the meetings at district level, for example, Mesyuarat Tindakan Pembangunan Daerah ",Ageing population despite lack of budget/ lack incentives to strengthen programme ,"Too many ceremonial programmes/ event to attend, that hinders prioritisation of the core function for population health "
27/07/2026 14:55:54,Dr ,Pkd muallim ,Perak ,17 tahun ,27/07/2026,Implimenting all 9 Public Health Functions ,Representative pkd in district is very crucial in giving technical input to DO for appropriate implimentation ,"Human Resource that is multitasking, sometimes doing ‘fire fighting’ mode of action",Networking with other departments and agencies may help in managing Health issues ,Uncertein of Health situation ie double burden of diseases and future pandemic ,
27/07/2026 15:16:13,Pegawai Kesihatan Daerah,PKD Jelebu,Negeri Sembilan,4,27/07/2026,Kawalan dan pencegahan penyakit berjangkit dan penyakit tidak berjangkit. Perancangan pembangunan kesihatan masyarakat dalam daerah. Whole nation approach with other agencies dalam mencapai SDG dan kesejahteraan masyarakat. Lain lain,Kami mengamalkan kerja berpasukan dan integriti dalam kerja seharian. Mempunyai struktur organisasi yang berstruktur dan kerjasama yang baik. Anggota mempunyai pengetahuan kesihatan awam yang baik. ,"Keadaaan fasiliti yang daif, sukar mendapat peruntukan pembangunan dan operasi. ",Kita mempunyai hubungan baik antara agensi. Pengetahuan & pandangan sebagai pakar perubatan diterima dan dihargai. ,Sering disalah anggap oleh KKM sendiri sebagai bukan pakar. Dianggap sebagai tidak kompeten. ,
27/07/2026 15:31:45,DR,"PEJABAT KESIHATAN DAERAH ROMPIN, PAHANG ",PAHANG ,2,01/09/2023,"Survelan penyakit (TB, HIV, denggi, campak, zoonosis).
Siasatan dan kawalan wabak serta aktiviti kawalan vektor.
Promosi kesihatan dan penglibatan komuniti melalui KOSPEN serta program pendidikan kesihatan.
Program imunisasi, kesihatan ibu dan anak, saringan NCD.
Penguatkuasaan di bawah Akta Makanan, Akta 342 dan peraturan berkaitan.
Kesediaan bencana dan CPRC daerah.
Penyelidikan operasi dan audit untuk meningkatkan kualiti perkhidmatan.
Pembangunan kompetensi anggota melalui latihan dan CPD.
Perancangan sumber dan tadbir urus melalui mesyuarat pengurusan, POA, serta pemantauan KPI.","Kakitangan yang kompeten, kerjasama yang baik, kemudahan infrastruktur teknologi","PKD tidak diberikan peluang untuk berkomunikasi dengan orang awam, contohnya menggunakan press statement, seperti yang boleh dibuat oleh ketua polis di daerah. Contoh untuk memaklumkan isu kesihatan di daerah, tidak dibenarkan untuk berkomunikasi dengan orang awam melainkan oleh DG",Latihan yang mencukupi,Community expectation ,
27/07/2026 15:32:04,Dr,PKD Seremban,Negeri Sembilan,14,27/07/2026,"Preventive medicine through various promotion activities, Health protection (immunization, ppe etc), various Health screening initiative, primary care medical service from womb to tomb , disease control, health laws enforcement, ensure the quality of service delivery, engagement with public, local government and stake holders. The element of medical and health research is encourage and nutured to improved the delivery of performance and service quality","1.Post of Officers and support staff almost full
2.Coverage of klinik kesihatan cover all over District
3.Budget is adequate for belanja mengurus
4. Good Collaboration with hospital under cluster hospital concept

","The aset is old and need lot of repair. Aset near BER still in use - Ambulance, ICT, non Ambulance (vehicle like van, 4x4), poor Building Maintenance esp PKD office. The allocation of budget for aset bukan perubatan ABR and HM is so small","1.High public Trust -kepercayaan masyarakat yg tinggi
2. Support from PBT - majlis bandaraya Seremban
3.Strong support from stake holders federal and state to support our program, fight the disease
","1. Seremban is highly develop - population is expanding, the number of Facility grow slowly
2. Double disease burden - No of NCD, vector borne disease, dengue, HIV still high
3. Economic challenges - influx of patient from private to gov Clinic
4. Influx of stable case from klinik pakar Hosp tuanku jaafar Seremban to KK","Staffing in PKD need to expand accordingly at least at par with hospital 
- NO penolong akauntan and akauntan, but PKD Seremban manage more than 180 milion yearly
- PKD Seremban with 1500+ staff only have 1 EO gred n5, at least we need senior EO or PTD"
27/07/2026 15:32:14,Pegawai Kesihatan Daerah,PKDGombak,Selangor,7 yrs,26/07/2026,"PKD merupakan pusat tadbir urus Kesihatan Awam di Daerah yang mengendalikan program Utama Kesihatan Awam meliputi Perkhidmatan Kesihatan Primer, Perkhidmatan Kesihatan Bergerak dan Pasukan Kesihatan Sekolah, Perkhidmatan Kawalan Penyakit Berjangkit, Perkhidmatan Kawalan Penyakit Tidak Berjangkit, Perkhidmatan Promosi Kesihatan, Perkhidmatan Keselamatan dan Kualiti Makanan, Perkhidmatan Institusi, Perkhidmatan Penguatkuasaan Akta-Akta Kesihatan Awam, Perkhidmatan Kesihatan Pekerjaan dan Perkhidmatan Kualiti Air Minuman serta Pusat bagi pembangunan Penyelidikan dan Inovasi Kesihatan Awam. ","Kepimpinan Kesihatan Awam di peringkat Daerah dalam memberikan input Analisa Data, input Teknikal, Pembangunan dan Kerjasama Strategik dalam Daerah dan terlibat secara lansung dalam Jawatankuasa Teknikal Dalam Daerah spt JK Pengurusan Bencana, JK Pembangunan Daerah, JK Perlesenan dan JK Kesejahteraan Rakyat. ","Keterbatasan masa, Sumber Kewangan dan Sumber manusia berbanding hospital yang lebih banyak Sumber. ","Reformasi Digital, Reformasi PKD,","Climate Change, Emerging & Re emerging of Disease, Disaster. ",
27/07/2026 15:33:19,Pegawai Kesihatan Daerah ,PKD Hulu Langat ,Selangor,9 tahun,27/07/2026,"Kawalan penyakit berjangkit, promosi kesihatan, kesihatan institusi, Penguatkuasaan akta 852, akta makanan dll, Kualiti air minuman dan perkhidmatan kesihatan primer, perkhimatan klinik pekerjaan","Memberi input kesihatan kepada jawatankuasa daerah  pembangunan, bencana,
Warga emas, kanak-kanak, kesejahteran rakyat, ahli lembaga pelawat penjara",Kekurangan sumber manusia untuk menjalankan perkhidmatan kesihatan RREFORMyang terbaik,"Reformasi digital, polliy reforms","Disasters, climate related events, urbanisation, ageing population ",
27/07/2026 15:33:30,PPKA,PKD Kunak,Sabah,1 year 7 month,27/07/2026,"PKD Kunak melaksanakan fungsi kesihatan awam merangkumi kawalan penyakit berjangkit dan tidak berjangkit, kesihatan keluarga, kesihatan persekitaran, promosi kesihatan, kesiapsiagaan bencana serta penyelarasan semua fasiliti kesihatan primer. Daerah Kunak mempunyai kawasan geografi yang luas, penempatan berselerak termasuk kawasan perumahan atas air, pecahan komuniti bukan warganegara: warganegara 2:1 yang menyebabkan cabaran dari segi akses, liputan perkhidmatan, respon wabak dan aktiviti lapangan.","Komitmen warga kerja yang tinggi, kerjasama rentas unit dan agensi yang baik membolehkan PKD terus menjalankan fungsi dengan berkesan walaupun berdepan kekangan sumber dan infrastruktur","Pertambahan skop tugas tidak seiring dengan penambahan sumber manusia, peruntukan dan infrastruktur. Beban pelaporan yang berulang, kekosongan jawatan kritikal, kemudahan yang uzur serta kekurangan aset operasi menjejaskan kecekapan pelaksanaan fungsi kesihatan awam.","Pendigitalan sistem secara bersepadu, pengukuhan struktur organisasi mengikut beban kerja daerah, penambahan jawatan kritikal, pembangunan kompetensi serta kerjasama strategik dengan agensi dan komuniti dapat memperkukuhkan peranan PKD pada masa hadapan.","Perubahan iklim, peningkatan penyakit berjangkit dan tidak berjangkit, migrasi penduduk, penyebaran maklumat tidak tepat serta kekangan sumber manusia dan kewangan merupakan cabaran utama yang boleh menjejaskan keupayaan PKD memenuhi mandat kesihatan awam.","Transformasi PKD diharapkan memberi fokus kepada pengukuhan fungsi teras kesihatan awam melalui pengurangan birokrasi, sistem digital yang lebih efisien, pengisian jawatan mengikut beban kerja sebenar serta peruntukan yang mencukupi bagi memastikan perkhidmatan lebih responsif dan mampan."
27/07/2026 15:36:40,District Health Officer,PKD MACHANG ,KELANTAN,7,27/07/2026,"Number of populations vs. Number of PPKA, almost most of the meetings requested the presence of District Health Officers at district meetings by DO +meetings at JKN by different Units but the same PPKA also needs to plan,organize, execute and monitor at district level. Most of the agencies know the importance of our presence and usually I will try to delegate the work and monitor the outcome and get their feedback. I prefer if more PPKAs are available in my district, we can achieve more with more impactful activities.","Teamwork among the officers, delegation of work, community trust","Previously we fight for posts but now we have several different posts available but still no body (only a few) fills the position. When I came to Machang, most of the staff are on their comfort zone, serving for many years in the same post and very difficult to change. Work reshuffle was done with the help of JKN and internal work rotation by PKD also done to counter this situation.","Great support from other PKDs,JKN and other agencies who always look for us first whenever it comes to any health issue.",Urbanisation and demographic change with industrialization in progress,"PPKAs will be given more opportunities to venture in other areas as public health is vast and dynamic. More PPKAs coverage, more people will recognize us"
27/07/2026 15:44:01,PEGAWAI KESIHATAN KAWASAN KINABATANGAN,PEJABAT KESIHATAN KAWASAN KINABATANGAN,SABAH,3,11/11/2023,"Pejabat Kesihatan Kawasan Kinabatangan delivers public health and primary healthcare services across Kinabatangan and Tongod. Functions include disease surveillance and outbreak control, vector control, tuberculosis and leprosy services, immunisation, maternal and child health, school health, NCD prevention, nutrition, environmental health, food safety, occupational health, health promotion and disaster response.

The main challenge is geography. Both districts cover more than 16,000 square kilometres, with communities dispersed across villages, plantations, riverine settlements and remote interior areas. Some locations require several hours or a full day of travel by road, four-wheel-drive vehicle or boat.

The population is diverse and mobile, including plantation workers, non-citizens and remote communities. Frequent movement, incomplete records and uncertain immunisation status can complicate contact tracing, tuberculosis treatment, maternal care and chronic disease follow-up.

The district also faces a double burden of communicable diseases such as dengue, malaria, tuberculosis, measles, diphtheria, typhoid and food poisoning, together with rising diabetes, hypertension, obesity and mental health problems.

Facilities are widely separated and vary in staffing, infrastructure and connectivity. Overall workload is influenced not only by population size, but also by remoteness, travel time, accessibility, disease burden and the cost of reaching underserved communities.","The main strengths of the PKK are responsive leadership, committed staff, multidisciplinary teamwork, strong local knowledge and effective collaboration.

The PKK can rapidly coordinate clinics, surveillance, environmental health, laboratories, hospitals and external agencies during outbreaks, disasters and environmental incidents.

Staff are adaptable and often manage routine services, field investigations, outreach and reporting within the same day. Strong teamwork supports comprehensive responses, such as combining epidemiological investigation, vector control, health education and community mobilisation during dengue outbreaks.

Local knowledge of villages, plantations, rivers, roads and community leaders helps teams plan outreach and trace contacts effectively.

The PKK also uses surveillance trends, locality mapping and screening data to guide action. Strong relationships with communities, schools, plantation management and agencies support immunisation, outbreak control, health promotion and disaster response.","The main weaknesses are structural and operational.

Resource allocation does not fully reflect the large geographical area, difficult access and higher cost of service delivery. A single field visit may require an entire day, repeated travel or overnight deployment.

Workforce capacity is stretched because many officers manage multiple programmes. During outbreaks or disasters, staff are redeployed from routine activities, affecting supervision, screening and programme evaluation.

Some functions depend heavily on a small number of experienced officers. Data systems are fragmented across different platforms and manual reports, causing duplicated work and limiting deeper analysis.

Specimen transport, laboratory feedback and referrals may be delayed by distance. Public health operations are also vulnerable to vehicle or boat breakdowns, poor roads, floods and slow procurement processes.

Remote facilities have uneven infrastructure and internet connectivity. The PKK also has limited authority over wider issues such as drainage, waste management, housing, water supply and plantation conditions.","The PKD transformation initiative offers an opportunity to strengthen district-level authority and capacity.

Resource allocation should consider geography, travel time, accessibility, disease risk and population mobility, not population size alone.

Greater district authority, emergency funds and simplified approval processes would allow faster responses during outbreaks and disasters.

Integrated digital systems and district dashboards could combine surveillance, laboratory, clinic and programme data. Offline-capable platforms would support remote clinics.

GIS mapping could identify disease hotspots, flood-prone areas, remote settlements and transport routes to improve outreach and preparedness.

Workforce development should strengthen epidemiology, data analysis, risk communication and emergency management. Community networks, plantation partnerships and multisectoral collaboration could support early warning, health promotion and follow-up.

Service innovations such as integrated outreach, boat clinics, mobile teams and telehealth could improve access for remote communities.","Future threats are likely to become more complex and occur simultaneously.

Communicable diseases will remain important while NCDs, obesity, mental health conditions and population ageing increase.

Outbreak control may become harder because of migration, incomplete immunisation, remote settlements, delayed healthcare-seeking and slow specimen transport.

Population movement involving plantation workers, non-citizens and mobile families may disrupt immunisation, tuberculosis treatment, maternal care and contact tracing.

Urbanisation, plantation expansion and land-use change may increase overcrowding, sanitation problems, dengue risk and human–wildlife contact.

Climate change may increase floods, heat, drought, fires, landslides and water disruption. These can isolate communities, delay referrals, interrupt medicines and increase infectious disease risk.

Misinformation may contribute to vaccine hesitancy, delayed treatment and reduced trust. Community expectations may also exceed available staffing, transport, facilities and connectivity.

The greatest threat is the possibility of outbreaks, disasters and routine service demands occurring at the same time.","The PKD transformation should recognise district health offices as operational population health authorities, not only programme implementers and reporting centres.

For large rural districts, staffing, funding and performance indicators should reflect geography, accessibility, population mobility and service complexity.

My hope is for a more empowered, data-driven and flexible PKD with stronger district authority, integrated systems, resilient logistics and adequate multidisciplinary staffing."
27/07/2026 15:57:44,District Health Officer,Kuantan,Pahang,7,27/07/2026,"Pejabat Kesihatan Daerah (PKD) Kuantan is responsible for delivering comprehensive public health services aimed at protecting, promoting, and improving the health of the district population. With an estimated population of 520000 people with total area of 2960m2. The district hosts numerous high-risk settings requiring regular public health oversight, including schools, childcare centres, universities, healthcare facilities, factories, food establishments, construction sites, ports, tourist destinations, prisons, and densely populated residential areas. Kuantan is also home to major industrial developments, including the Kuantan Port, Gebeng Industrial Estate, Malaysia-China Kuantan Industrial Park (MCKIP), and the East Coast Rail Link (ECRL) project. These developments increase the complexity of environmental health monitoring, occupational health surveillance, emergency preparedness, and inter-agency coordination.

Public health functions should cater to the demand required at District. 

The core public health functions include;

1.  Health Surveillance and Population Health Assessment

- Maximize utilization of a function of Command Center to monitor data through an online data management system and accesible at all time
- Data are presented during weekly Epid Meetings. 
-Data are accesible through different unit and for PHMS to monitor and analyze data

1. Disease Prevention and Control

 Outbreak preparedness and response. Varies response for different outbreaks. The district has a diverse disease profile. Communicable diseases such as dengue, tuberculosis, hand, foot and mouth disease (HFMD), measles, food- and water-borne diseases, and respiratory infections require continuous surveillance and rapid response. At the same time, the increasing burden of non-communicable diseases including diabetes, hypertension, obesity, cardiovascular disease, and cancer necessitates long-term preventive strategies, early detection, and integrated primary healthcare services. 

For Dengue outbreak, Jawatankuasa Denggi Daerah Kuantan agreed that cases are managed via inter agency response. Whatsapp group comprising Majlis Bandaraya Kuantan, Pejabat Daerah dan Tanah Kuantan, Jabatan Pengairan dan Saliran, Polis, SwCorp, Alam Flora. If theres an outbreak a whatsapp info will be informed and inter agency Task force to be conducted within 3 days and community gotong royong done within 7 days. This practice started to prevent the delays of Dengue meetings if theres an outbreak. 

PKD Kuantan too have look at contingency strategies in view Dengue cases on the rise. Currently pkd kuantan have 8 function ini Dengue team with 4 sub team each and if cases is on the rise pkd kuantan is able for deployment more teams at pkd alone. Furthermore outbreak are presented daily to Dengue cprc daily.

Active case detections are conducted with help of Health clinics led by Family Medicine Specialist.
 
1. Health Protection

Data monitoring, engagement with key stakeholders on issues like water safety, food safety, environmental issues 

Preparedness practices at PKD 

1. Health Promotion and Community Empowerment 

- Engagement with communities and stakeholders 
- ⁠Lead behaviour change agenda at District level
- ⁠Enhance primary care prevention

5.Health Policy, Planning and Management 

Strategic planning
Health needs assesment 
Resources management 
Health Financing
Pkd based policy 

6.Public Health Research and Quality Assurance

Pkd kuantan monitor research and quality assurance data via a database. And PKD kuantan have always supported importance of research. Jawatankuasa Kajian Pejabat Kesihatan Daerah Kuantan is created to monitor and for public Health Medicine specialist to aid and help out.

7.Emergency Preparedness and Disaster Management 

In Kuantan during MTL flood occurerence is a common issue. Flood and disaster management preparedness are conducted.

PKD Kuantan therefore maintains strong emergency preparedness and disaster response capabilities, coordinating evacuation centre health services, disease prevention measures, environmental sanitation, and post-disaster recovery activities.

7.Leadership and mentoring

Leadership and mentoring for Health workers are conducted and led by public Health Medicine specialist. 

In conclusion , PKD Kuantan manages one of the largest workloads in Pahang due to its large population, extensive healthcare network, high patient attendance, and broad range of public health programmes. Effective delivery of services depends on multidisciplinary collaboration with hospitals, local authorities, educational institutions, industry, community leaders, non-governmental organisations, and other government agencies. Community engagement initiatives, including Agenda Nasional Malaysia Sihat (ANMS), Komuniti Bebas Denggi (KomBeD), health promotion campaigns, and community-based screening programmes, are essential to empower individuals and communities to take greater ownership of their health.

Overall, the combination of rapid urbanisation, industrial growth, diverse population demographics, recurrent communicable disease threats, increasing non-communicable disease burden, disaster risks, and complex stakeholder engagement makes PKD Kuantan one of the most operationally demanding public health districts in Pahang. These factors require strong leadership, robust surveillance systems, integrated primary healthcare, evidence-based planning, and effective multisectoral collaboration to achieve sustainable improvements in population health.","One of the key strengths of PKD Kuantan is the availability of Public Health Medicine Specialists at the district level. Their expertise in epidemiology, disease prevention and control, health systems management, and population health enables evidence-based decision-making and effective leadership of public health programmes.

The District Health Officer (DHO), who is a Public Health Medicine Specialist, serves as the organisational leader, providing strategic direction, clinical governance, and mentorship to multidisciplinary teams. The DHO ensures that communicable diseases, outbreaks, and other emerging public health threats are closely monitored through robust surveillance systems, timely investigation, risk assessment, and coordinated response. This leadership role is also essential in strengthening interagency collaboration, emergency preparedness, quality improvement, and overall health system performance within the district.

Another major strength is the strong emphasis on community empowerment and engagement. PKD Kuantan has established an active network of MyCHAMPION volunteers who play an important role in promoting healthy lifestyles and supporting public health initiatives at the grassroots level. During dengue outbreaks, these community champions assist in raising public awareness, promoting source reduction activities, disseminating health information, and encouraging community participation in vector control programmes. They also contribute significantly to health promotion campaigns under the Agenda Nasional Malaysia Sihat (ANMS), helping to foster community ownership and improve health literacy.","One of the key challenges faced by District Health Officers (DHOs) is the significant amount of time devoted to administrative and operational matters due to insufficient administrative support staff. This often limits the time available for strategic leadership, population health planning, stakeholder engagement, programme evaluation, and community outreach, which are core functions of public health leadership.

Another major challenge is the limited funding available for the replacement of ageing assets and for the maintenance and repair of health clinics and staff quarters. Many primary healthcare facilities require upgrading to meet increasing service demands, changing healthcare needs, and modern standards of patient care. Deferred maintenance may also affect service efficiency, staff morale, and patient experience.

In addition, greater attention should be given to workforce wellbeing and human resource development within the Ministry of Health (MOH). Healthcare workers continue to face increasing workloads, workforce shortages, administrative pressures, and frequent public health emergencies, all of which contribute to stress and burnout. Strengthening mental health support through accessible counselling services, employee assistance programmes, leadership development, flexible work arrangements where feasible, and organisational initiatives that promote psychological wellbeing would help improve staff resilience, job satisfaction, retention, and ultimately the quality of healthcare delivery.","1. Digital Health Transformation and Data Integration

The expansion of digital health systems offers significant opportunities to improve disease surveillance, service planning, and operational efficiency. Integrating electronic medical records, public health surveillance platforms, laboratory reporting, and real-time dashboards will enable earlier detection of outbreaks, better monitoring of non-communicable diseases (NCDs), and more targeted public health interventions. Artificial intelligence and predictive analytics can further support risk stratification, resource allocation, and proactive public health decision-making.

2. Strengthening Public–Private Collaboration

Kuantan has a well-developed private healthcare sector comprising private hospitals, general practitioner (GP) clinics, community pharmacies, occupational health providers, and industries. Strengthening partnerships with these providers can substantially expand access to preventive services and improve continuity of care.

Private practitioners can play a greater role in:

* Immunisation programmes for children and adults.
* NCD screening, risk assessment, and long-term management.
* Mental health screening and referral.
* Early notification of communicable diseases and outbreak surveillance.
* Health promotion and lifestyle counselling.
* Shared care for stable chronic disease patients.

Establishing stronger data-sharing mechanisms, referral pathways, and joint quality improvement initiatives between public and private sectors would create a more integrated district health system.

3. National Health Insurance and Health Financing Reform

The proposed National Health Insurance or broader health financing reforms present an important opportunity to redesign healthcare delivery. If implemented, PKD Kuantan could transition from being primarily a direct provider of services to becoming a district population health manager and system coordinator.

Through strategic purchasing and empanelment of both public and private providers, primary healthcare services could become more accessible while reducing congestion in government facilities. Financing reforms could support integrated chronic disease management, preventive health services, and value-based care, where providers are incentivised based on quality and health outcomes rather than service volume. This would strengthen equity, efficiency, and continuity of care across the district.

4. Workforce Development and Leadership

The increasing complexity of public health challenges requires continuous investment in workforce development. Strengthening competencies in epidemiology, digital health, health economics, implementation science, emergency preparedness, behavioural science, and health leadership will improve organisational resilience.

Expanding multidisciplinary teams involving family medicine specialists, pharmacists, environmental health officers, nutritionists, psychologists, and allied health professionals will enhance integrated service delivery. Leadership development programmes for future public health leaders will ensure sustainable succession planning.

5. Community Empowerment and Community Networks

Existing community platforms such as Agenda Nasional Malaysia Sihat (ANMS), Komuniti Bebas Denggi (KomBeD), Village Health Volunteers, Resident Associations, schools, and religious organisations provide strong foundations for community participation.

Greater community ownership of health initiatives can improve prevention of dengue, obesity, diabetes, mental health issues, and tobacco use while strengthening disaster preparedness. Digital communication platforms and social media can further enhance health literacy and public engagement.

6. Multisectoral Partnerships

As the economic hub of Pahang, Kuantan hosts major industries including the Gebeng Industrial Estate, Malaysia–China Kuantan Industrial Park (MCKIP), Kuantan Port, and the East Coast Rail Link (ECRL) project.

Closer collaboration with local authorities, industries, educational institutions, environmental agencies, and non-governmental organisations can strengthen occupational health, environmental monitoring, emergency preparedness, climate resilience, and workplace health promotion. A Health in All Policies (HiAP) approach would enable health considerations to be integrated into urban planning, transport, housing, and industrial development.

7. Research, Innovation, and Implementation Science

PKD Kuantan is well positioned to become a district-level centre for operational research and implementation science through collaborations with universities and research institutions.

Routine use of programme evaluation, geospatial analysis, behavioural research, and implementation studies would generate local evidence to improve service delivery and inform policy. Innovative models of care, including telehealth, digital monitoring, and community-based interventions, should be evaluated and scaled where effective.

8. Service Innovation and Integrated Primary Healthcare

Future healthcare delivery should move towards integrated, person-centred, and preventive models of care. Digital consultations, remote patient monitoring, home-based care for frail older adults, multidisciplinary NCD clinics, and stronger integration between preventive and curative services can improve accessibility while reducing unnecessary hospital utilisation.","1. Rapid Urbanisation and Population Growth

As the state capital and economic hub of Pahang, Kuantan continues to experience rapid urbanisation and population growth. Large-scale developments, including the Malaysia–China Kuantan Industrial Park (MCKIP), Kuantan Port expansion, and the East Coast Rail Link (ECRL), have increased population mobility and migration. These changes place greater demand on primary healthcare services, environmental health monitoring, communicable disease surveillance, and health promotion activities.

2. Changing Disease Patterns

PKD Kuantan is managing a dual burden of disease. While communicable diseases such as dengue, tuberculosis, hand, foot and mouth disease (HFMD), measles, and food- and water-borne diseases continue to require intensive surveillance and rapid response, the prevalence of non-communicable diseases (NCDs) such as diabetes, hypertension, obesity, chronic kidney disease, and cancer continues to rise. This increases demand for long-term preventive care, screening, and integrated chronic disease management.

3. Climate Change and Extreme Weather Events

Climate change presents an increasing public health threat. Kuantan is particularly vulnerable to the northeast monsoon, which frequently causes flooding. Floods disrupt healthcare services, damage infrastructure, affect water and sanitation systems, increase the risk of communicable disease outbreaks, and require extensive public health emergency response. Rising temperatures and changing rainfall patterns may also increase mosquito breeding and prolong dengue transmission.

4. Emerging and Re-emerging Infectious Diseases

The COVID-19 pandemic demonstrated the importance of maintaining strong public health preparedness. Future emerging infectious diseases, antimicrobial resistance, zoonotic infections, and imported diseases due to increased international travel remain significant threats. Maintaining laboratory capacity, surveillance systems, and rapid response teams will continue to be essential.

5. Population Ageing

An ageing population will increase demand for chronic disease management, rehabilitation, palliative care, home-based services, mental health support, and caregiver assistance. Primary healthcare services must evolve to provide more integrated and person-centred care for older adults with multiple chronic conditions.

6. Misinformation and Declining Public Trust

The rapid spread of misinformation through social media presents an increasing challenge. False information regarding vaccination, communicable diseases, nutrition, and public health interventions may reduce community compliance and undermine disease prevention efforts. PKD Kuantan will need to strengthen risk communication, community engagement, and digital health education to maintain public confidence.

7. Workforce and Resource Constraints

Increasing service demand without proportional growth in workforce, infrastructure, and financial resources may affect service quality and responsiveness. Recruitment and retention of skilled healthcare workers, ageing healthcare facilities, and competing healthcare priorities may place additional pressure on district health services.

8. Industrialisation and Environmental Health Risks

Kuantan’s expanding industrial sector, including the Gebeng Industrial Estate, Kuantan Port, and MCKIP, increases the need for environmental health surveillance and emergency preparedness. Potential industrial accidents, hazardous chemical exposure, air and water pollution, and occupational health risks require strong collaboration between the Ministry of Health, local authorities, industries, and environmental agencies.

9. Increasing Community Expectations

Communities increasingly expect healthcare services that are timely, accessible, digitally enabled, and patient-centred. Meeting these expectations while maintaining equitable access, particularly for rural and Orang Asli communities, will require continuous service innovation, digital transformation, and stronger collaboration with private healthcare providers.", 
27/07/2026 16:00:02,Pegawai Kesihatan Daerah,PKD Kemaman,Terengganu ,5,24/02/2021,"The Kemaman District Health Office (PKD Kemaman) is responsible for delivering comprehensive public health services to an estimated population of approximately 235,000 people. As one of the most strategically important districts in Terengganu, Kemaman presents a uniquely complex public health environment shaped by its industrial significance, highly mobile population, diverse geography, and evolving demographic and epidemiological profile.

PKD Kemaman performs the full spectrum of core public health functions, including communicable disease surveillance and control, outbreak investigation and response, non-communicable disease (NCD) prevention and management, maternal and child health services, environmental health, occupational health, food safety and quality, vector control, health promotion, primary healthcare coordination, emergency preparedness, disaster response, and implementation of national public health policies and programmes. The district also plays a key role in coordinating interagency collaboration, public health governance, risk communication, and emergency response across government healthcare facilities.

One of the defining characteristics of Kemaman is its dual population burden. In addition to serving its resident population, the district supports a substantial transient workforce comprising interstate workers, offshore personnel, contractors, expatriates, and foreign workers employed within the oil and gas, petrochemical, manufacturing, and supporting industries. Consequently, healthcare planning and service delivery extend beyond the needs of the resident population and must accommodate continuous population movement, increasing demand for communicable disease surveillance, occupational health services, emergency preparedness, and environmental health monitoring.

Kemaman is recognised as one of Malaysia's major oil and gas hubs, with significant industrial activities centred around Kerteh, the Kemaman Port, and the Kemaman Supply Base, which serve as important logistics and embarkation points for offshore oil and gas operations. The frequent movement of offshore crews, international contractors, and expatriates increases the complexity of public health operations, including disease surveillance, management of imported infectious diseases, occupational health oversight, industrial emergency preparedness, and interagency coordination during major incidents.

The district's geography further contributes to operational complexity. Kemaman encompasses urban centres, coastal communities, industrial zones, FELDA settlements, plantations, mining areas, logging regions, and remote inland villages. Variations in terrain and accessibility require flexible service delivery strategies, particularly in ensuring equitable healthcare access, conducting outreach programmes, responding to emergencies, and maintaining continuity of services in geographically isolated communities.

Like many districts in Malaysia, Kemaman is experiencing a gradual demographic transition with an increasing proportion of older adults and individuals living with chronic diseases. This has shifted healthcare needs towards long-term management of NCDs, rehabilitation services, integrated elderly care, and community-based healthcare, requiring stronger multidisciplinary collaboration and continuity of care.

Seasonal northeast monsoon flooding remains one of the district's most significant public health risks. Annual flood preparedness forms a core component of PKD operations and includes disaster planning, public health emergency preparedness, disease surveillance during disasters, environmental health interventions, continuity of healthcare services, evacuation support, and coordinated multisectoral response to minimise health impacts on affected communities.

The district also faces increasing pressure on its healthcare system due to ageing primary healthcare infrastructure in several facilities and growing service demand. At the same time, recruitment and retention of healthcare professionals have become increasingly challenging, partly due to competition from the private healthcare sector, particularly within the surrounding oil and gas industry. This narrowing workforce capacity has resulted in increasing workloads for existing staff while maintaining expectations for high-quality, accessible, and comprehensive public health services.

Beyond the traditional burden of communicable and non-communicable diseases, Kemaman is experiencing emerging public health challenges, including mental health issues, substance use, tobacco and vaping, and other behavioural health risks. These issues require stronger preventive strategies, multisectoral collaboration, community engagement, and targeted health promotion programmes tailored to the district's diverse population.

Overall, PKD Kemaman operates within a highly dynamic and strategically important environment where industrial development, population mobility, geographical diversity, disaster vulnerability, demographic transition, workforce constraints, and evolving health needs collectively influence the scope and complexity of public health practice. These unique district characteristics demand adaptive leadership, resilient health systems, effective interagency collaboration, and innovative public health approaches to ensure equitable, responsive, and sustainable healthcare delivery for both resident and transient populations.","Despite the increasing complexity of public health challenges, PKD Kemaman possesses several organisational strengths that enable it to deliver its public health functions effectively and maintain continuity of essential health services across the district.

One of the district's greatest strengths is its well-established and strategically distributed primary healthcare network. The district comprises one District Health Office (PKD), 12 Health Clinics (Klinik Kesihatan), 18 Community Clinics (Klinik Desa), and two Port Health Offices, supported by an approved workforce of approximately 750 personnel. This extensive network enables healthcare services to be delivered close to communities throughout the district, including urban, coastal, industrial, and remote inland areas, thereby improving accessibility, disease surveillance, emergency response, and continuity of care.

Although not all approved positions are currently filled, the existing workforce has consistently demonstrated remarkable resilience and commitment in maintaining service delivery. Many staff members possess extensive experience and strong technical competencies developed over years of service in public health and primary healthcare. Their institutional knowledge, practical experience, and familiarity with local communities enable effective decision-making, efficient programme implementation, and timely responses to public health issues.

A key organisational strength is the district's culture of continuous learning and mentorship. Senior officers and experienced staff actively guide, coach, and support newly appointed personnel, facilitating knowledge transfer and ensuring that technical standards, operational quality, and organisational values are preserved despite workforce turnover. This strong mentoring culture contributes to workforce sustainability and maintains consistency in service quality.

Leadership within PKD Kemaman also plays an important role in its effectiveness. The leadership approach is characterised by clear governance, accountability, and openness to staff feedback. While maintaining high expectations and operational discipline, district leadership encourages discussion, innovation, and shared problem-solving, creating an environment where staff feel empowered to contribute ideas and continuously improve service delivery.

Another significant strength is the level of autonomy provided by the Terengganu State Health Department (Jabatan Kesihatan Negeri Terengganu, JKNT). The state leadership places considerable trust in district-level management, allowing PKD Kemaman sufficient flexibility to make operational decisions, implement local initiatives, and respond rapidly to emerging public health issues based on the district's specific needs. This decentralised decision-making enhances responsiveness and encourages innovation in addressing local challenges.

The district also benefits from strong teamwork and collaboration across its various public health and primary healthcare units. Close cooperation between clinical and public health teams facilitates integrated service delivery, efficient programme implementation, rapid outbreak response, and coordinated emergency management. This collaborative working culture strengthens organisational resilience and enables multidisciplinary approaches to increasingly complex health issues.

Beyond the health sector, PKD Kemaman has established excellent interagency collaboration with local authorities, emergency services, educational institutions, industry partners, community leaders, non-governmental organisations, and other government agencies. These longstanding partnerships greatly facilitate health promotion activities, outbreak investigations, environmental health interventions, disaster preparedness, emergency response, and implementation of public health programmes. During seasonal flooding and other emergencies, these collaborative relationships enable rapid mobilisation of resources, coordinated decision-making, and effective multisectoral response to protect community health.

Overall, the combination of a strategically distributed healthcare network, an experienced and competent workforce, supportive leadership, a strong culture of mentorship, operational flexibility, effective teamwork, and robust interagency collaboration forms the foundation of PKD Kemaman's ability to deliver comprehensive, responsive, and high-quality public health services despite increasing service demands and workforce constraints.","PKD Kemaman continues to fulfil its public health mandate despite operating in an increasingly demanding environment characterised by growing healthcare needs, expanding public expectations, and resource limitations. While the district benefits from experienced personnel, effective leadership, and strong interagency collaboration, several structural and operational constraints continue to affect the efficiency, sustainability, and quality of service delivery.

One of the most significant challenges is the limited physical capacity of healthcare facilities. Many offices, health clinics, community clinics, stores, meeting rooms, and clinical workspaces were designed for considerably smaller populations and lower service volumes than those currently served. As the district population and healthcare demand have increased, many facilities have become overcrowded, affecting patient flow, staff productivity, confidentiality during consultations, storage of medical supplies, and the flexibility required to introduce new public health programmes or services. In several facilities, administrative staff and healthcare personnel work within constrained office environments that limit efficient workflow and multidisciplinary collaboration.

The condition of ageing infrastructure and equipment presents another major operational challenge. Several healthcare facilities require upgrading or refurbishment to meet current operational requirements. In addition, ageing medical equipment, information technology hardware, ambulances, operational vehicles, and other essential assets are increasingly difficult to maintain. Many computers are outdated and operate below current software requirements, affecting data processing, reporting, virtual meetings, and access to digital health systems. Operational vehicles and ambulances require frequent maintenance, while some medical equipment has exceeded its recommended service life and should be replaced under government asset replacement programmes. However, delays in procurement and replacement approvals often prolong the use of ageing assets beyond their intended lifespan, reducing operational reliability, increasing maintenance costs, and occasionally disrupting service delivery.

Human resource sustainability has become another major concern. Although the district has an approved workforce establishment that is generally sufficient to support both district-level public health functions and service delivery across healthcare facilities, many established positions remain vacant. Over recent years, a considerable number of experienced staff have retired without timely replacement due to limited recruitment. At the same time, the resignation of medical officers to pursue opportunities in the private sector, together with the transition of contract officers to permanent appointments in other locations, has further reduced the available workforce within the district. These workforce movements have created additional pressure on remaining personnel, requiring many officers to assume multiple responsibilities beyond their primary roles.

Beyond workforce numbers, these staffing changes have also resulted in the gradual loss of valuable institutional memory, technical expertise, and leadership experience. Senior personnel who have accumulated extensive knowledge of district operations, local epidemiology, emergency response, and programme implementation are not always replaced by staff with equivalent experience. Consequently, existing senior officers spend considerable time mentoring and supervising newly appointed personnel while simultaneously maintaining routine service delivery, placing additional demands on already limited human resources.

Increasing service demand has further intensified workload across both public health and primary healthcare services. PKD Kemaman not only serves its resident population but also supports a highly mobile industrial workforce associated with the oil and gas sector, manufacturing industries, and offshore operations. This creates additional responsibilities in communicable disease surveillance, occupational health, environmental health, disaster preparedness, emergency response, and public health programme implementation. New national initiatives, expanded reporting requirements, and increasing public expectations have further increased administrative and operational workloads without proportional expansion of infrastructure or workforce capacity.

The district is also undergoing an important transition towards greater digitalisation of healthcare services. However, ageing information technology infrastructure, inconsistent availability of modern hardware, and increasing dependence on multiple digital reporting systems can reduce efficiency rather than improve it. Staff frequently need to navigate numerous reporting platforms and duplicate documentation requirements, increasing administrative burden and reducing the time available for direct public health interventions and community engagement.

Geographical diversity further complicates service delivery. Healthcare teams are required to serve urban populations, coastal communities, industrial areas, FELDA settlements, plantations, mining sites, logging areas, and remote inland villages. During the annual northeast monsoon, flooding and road disruptions can affect accessibility, outreach activities, environmental health operations, disease surveillance, and continuity of healthcare services. These circumstances require extensive contingency planning and flexible deployment of personnel and resources.

Despite these operational constraints, PKD Kemaman continues to maintain effective public health services through the dedication and professionalism of its workforce, strong teamwork, experienced leadership, and close collaboration with the Terengganu State Health Department and local partner agencies. Nevertheless, sustaining high-quality public health services in the future will require continued investment in healthcare infrastructure, timely replacement of ageing assets, strengthening of digital capabilities, expansion of healthcare facilities, and a sustainable workforce strategy that addresses recruitment, retention, succession planning, and preservation of institutional expertise. These improvements are essential to ensure that the district remains capable of meeting the increasing healthcare needs of its growing resident population and highly mobile industrial workforce.","PKD Kemaman has several important opportunities to strengthen its future role by building upon its established leadership, experienced workforce, strong interagency relationships, strategically distributed healthcare facilities, and extensive experience in managing both routine public health programmes and complex emergencies. These opportunities are particularly relevant because Kemaman faces a unique combination of industrial, maritime, environmental, demographic, and behavioural health risks that require an integrated, adaptive, and forward-looking public health system.

One significant opportunity is to strengthen the role of PKD Kemaman as a district-level coordinator for emerging public health threats. A current example is the increasing detection of new psychoactive substances concealed in electronic cigarette (vape) products. This emerging issue presents new challenges for healthcare providers, law enforcement agencies, and regulatory authorities because clinical presentation, laboratory confirmation, legal classification, and enforcement procedures are still evolving. Consequently, coordinated responses are required across multiple sectors.

At district level, PKD Kemaman has utilised the Mesyuarat Tindakan Membanteras Dadah (MTMD) as a multisectoral platform to discuss emerging cases involving suspected substance-containing vape products. Through this mechanism, agencies such as PKD, the Royal Malaysia Police (PDRM), the National Anti-Drug Agency (AADK), hospital services, laboratories, educational institutions, and local authorities are able to develop common approaches for case detection, laboratory testing, evidence management, referral pathways, risk communication, and enforcement actions. This collaborative approach enables new public health threats to be addressed systematically while ensuring that healthcare, public safety, and legal considerations remain aligned.

Another important opportunity is to further develop PKD Kemaman as a centre of excellence for public health emergency preparedness and disaster management. The district has accumulated extensive operational experience in responding to annual northeast monsoon floods, evacuation centre operations, continuity of healthcare services, communicable disease surveillance during disasters, environmental health interventions, and coordinated emergency response. In addition to seasonal flooding, the district has also managed sudden natural disasters, water-related incidents, and industrial emergencies requiring rapid mobilisation of multiple agencies.

The strategic location of Kemaman as one of Malaysia's major oil and gas hubs provides an additional opportunity to strengthen collaboration with industrial partners. The presence of offshore platforms, petrochemical industries, oil terminals, the Kemaman Supply Base, and Kemaman Port requires continuous preparedness for industrial accidents, hazardous material incidents, gas leaks, marine emergencies, and mass casualty events. These industrial risks necessitate close collaboration between healthcare services, emergency responders, industry operators, environmental agencies, and local authorities.

A major strength of the district is the long-standing culture of multisectoral collaboration. Regular emergency drills involving government agencies, PETRONAS, oil and gas companies, port operators, emergency services, and other private industries have significantly enhanced district preparedness. These exercises allow agencies to test command structures, communication pathways, resource mobilisation, evacuation procedures, casualty management, environmental health responses, and business continuity planning. More importantly, each exercise provides valuable lessons that can be translated into improvements in standard operating procedures, emergency response plans, and future preparedness activities.

PKD Kemaman also has an excellent opportunity to strengthen public health intelligence through digital transformation. The increasing availability of electronic health information, disease surveillance systems, geographic information systems (GIS), and digital reporting platforms provides opportunities to integrate information from communicable diseases, non-communicable diseases, environmental health, occupational health, Port Health, disaster management, and healthcare services into a comprehensive district public health dashboard. Such a system would support evidence-based decision-making, early detection of outbreaks, monitoring of vulnerable populations, resource allocation, and rapid emergency response.

Another important opportunity lies in workforce development and succession planning. Although PKD Kemaman currently benefits from many experienced officers with extensive technical expertise, a structured competency development programme would ensure that valuable institutional knowledge is transferred to younger staff before senior officers retire. Formal mentoring programmes, simulation exercises, competency-based training, cross-unit attachments, and multidisciplinary learning activities would strengthen future workforce capability while maintaining service quality and organisational resilience.

Community engagement also presents significant opportunities for future public health improvement. Kemaman has well-established relationships with community leaders, schools, industries, FELDA settlements, non-governmental organisations, and volunteer groups. These networks can be further strengthened to support health promotion, behavioural change programmes, early disease detection, disaster preparedness, substance abuse prevention, mental health initiatives, and community-based surveillance. Active community participation enables public health interventions to be more responsive, culturally appropriate, and sustainable.

Finally, the decentralised decision-making approach adopted by the Terengganu State Health Department provides PKD Kemaman with valuable flexibility to introduce district-specific innovations. This autonomy enables local leadership to respond rapidly to emerging public health challenges, pilot new service delivery models, strengthen multisectoral collaboration, and implement solutions tailored to the unique needs of the district.","PKD Kemaman is expected to face increasingly complex external threats over the coming years as demographic changes, rapid industrial development, climate change, technological advancement, and evolving disease patterns continue to reshape public health priorities. As a district with strategic industrial importance and a highly mobile population, these emerging challenges will require more integrated, adaptive, and evidence-based public health approaches.

One of the most significant threats is the changing epidemiological profile of the population. While communicable diseases remain an important public health concern, the burden of non-communicable diseases (NCDs) continues to increase due to population ageing, unhealthy lifestyles, obesity, diabetes, hypertension, cardiovascular diseases, and chronic kidney disease. Managing this dual burden requires substantial healthcare resources while maintaining preparedness for infectious disease outbreaks and other public health emergencies.

Kemaman's role as one of Malaysia's major oil and gas and industrial hubs presents unique public health challenges. The continuous movement of interstate workers, offshore personnel, expatriates, foreign workers, and contractors increases the risk of imported infectious diseases, occupational health incidents, environmental exposures, and industrial emergencies. Future public health planning must therefore extend beyond the resident population and incorporate surveillance strategies that account for this highly mobile workforce.

Climate change represents another major emerging threat. Kemaman experiences recurrent northeast monsoon flooding, with increasing rainfall intensity and more unpredictable weather patterns affecting healthcare accessibility, environmental sanitation, vector breeding, water quality, mental well-being, and continuity of healthcare services. Future climate-related events may become more frequent and severe, requiring greater investment in disaster preparedness, early warning systems, resilient healthcare infrastructure, and coordinated multisectoral emergency response.

The district's concentration of petrochemical industries, offshore platforms, oil terminals, pipelines, and port facilities also exposes the population to potential technological and industrial hazards. Although major incidents are uncommon, events such as chemical releases, gas leaks, industrial fires, marine pollution, transportation accidents involving hazardous materials, or mass casualty incidents could have significant public health consequences. These risks require continuous preparedness, regular emergency exercises, and close collaboration between health authorities, emergency responders, industry operators, and environmental agencies.

Another emerging challenge is the rapid evolution of substance use behaviours, particularly the misuse of electronic cigarettes (vapes) containing illicit or synthetic psychoactive substances. These products pose new clinical, laboratory, legal, and enforcement challenges because they may not be easily detected using conventional approaches. Addressing this issue will require stronger surveillance systems, laboratory capability, health education, policy adaptation, and close collaboration with enforcement agencies and educational institutions.

The increasing spread of health misinformation and disinformation through social media also threatens effective public health practice. False information regarding vaccination, infectious diseases, chronic disease management, medications, and emerging health threats may reduce public confidence in evidence-based interventions, delay healthcare seeking behaviour, and contribute to vaccine hesitancy or poor treatment adherence. Public health agencies must therefore strengthen risk communication, digital engagement, and community partnerships to maintain public trust.

Public expectations of healthcare services continue to evolve. Communities increasingly expect healthcare to be accessible, responsive, digitally connected, and patient-centred. At the same time, national public health programmes continue to expand, requiring districts to implement new initiatives while maintaining existing essential services. Meeting these expectations without proportional increases in infrastructure, workforce, and financial resources may place additional pressure on healthcare systems.

Human resource sustainability remains another critical external challenge. Competition from the private healthcare sector and the surrounding oil and gas industry continues to affect recruitment and retention of healthcare professionals. Simultaneously, the retirement of experienced personnel may lead to the gradual loss of institutional knowledge, technical expertise, and leadership capacity if succession planning and workforce development are insufficient. These workforce pressures may reduce organisational resilience as public health demands continue to increase.

Digital transformation presents both opportunities and emerging risks. Greater dependence on electronic health systems, digital reporting platforms, and interconnected information systems improves efficiency but also increases vulnerability to cyber threats, data security issues, system failures, and technological obsolescence. Ensuring reliable digital infrastructure and cybersecurity will become increasingly important for maintaining continuity of public health operations.

Finally, the increasing complexity of public health challenges requires stronger collaboration beyond the health sector alone. Many future health determinants—including climate change, environmental sustainability, occupational safety, substance abuse, road safety, housing, education, urban planning, and industrial development—cannot be addressed solely by the healthcare system. Strengthening multisectoral governance, community participation, and partnerships with government agencies, academia, industry, and civil society will therefore be essential for protecting and improving population health.

Overall, the future public health landscape in Kemaman is expected to become increasingly dynamic and interconnected. Successfully addressing these external threats will require PKD Kemaman to strengthen surveillance systems, enhance emergency preparedness, invest in workforce development, embrace digital innovation, promote community resilience, and expand strategic partnerships so that the district remains capable of protecting the health of both its resident population and its highly mobile industrial community.","PKD transformation should not be viewed merely as organisational restructuring or the introduction of new programmes. Rather, it should represent a strategic shift towards building a more resilient, agile, data-driven, and people-centred public health system that is capable of responding to increasingly complex health challenges.

District Health Offices are the frontline of Malaysia's public health system. As the first level responsible for disease prevention, health protection, health promotion, emergency preparedness, and primary healthcare coordination, PKDs require sufficient authority, resources, and flexibility to respond effectively to local needs. While national policies provide overall direction, districts should be empowered to develop context-specific solutions based on their local epidemiology, demographic profile, available resources, and operational realities.

For districts such as Kemaman, future transformation should recognise that workload is influenced not only by resident population size but also by industrial activities, highly mobile populations, strategic economic assets, disaster risks, and geographical diversity. Resource allocation, workforce planning, infrastructure development, and performance indicators should therefore reflect service complexity rather than population figures alone.

Greater investment is also needed in modernising healthcare infrastructure, replacing ageing assets, strengthening digital health capabilities, and developing a sustainable workforce. At the same time, succession planning should become an integral component of PKD transformation to preserve institutional knowledge and ensure continuity of leadership as experienced personnel retire.

Future public health challenges—including climate change, emerging infectious diseases, antimicrobial resistance, behavioural health issues, substance misuse, population ageing, and rapid technological change—require multidisciplinary solutions that extend beyond the health sector. Strengthening collaboration with government agencies, local authorities, universities, industry partners, community organisations, and civil society should therefore remain a central pillar of PKD transformation.

Finally, it is hoped that future transformation initiatives will continue to strengthen the role of District Health Offices as the principal leaders of population health at district level. By empowering districts with appropriate resources, competent workforce, modern infrastructure, integrated digital systems, and greater operational flexibility, PKDs will be better positioned to deliver equitable, responsive, and sustainable public health services while protecting the health and well-being of all communities they serve."
27/07/2026 16:10:39,PPKA,PKD KUNAK,SABAH,1 YEAR 7 MONTHS,27/07/2026,"PKD Kunak melaksanakan fungsi kesihatan awam merangkumi kawalan penyakit berjangkit dan tidak berjangkit, kesihatan keluarga, kesihatan persekitaran, promosi kesihatan, kesiapsiagaan bencana serta penyelarasan fasiliti kesihatan primer. Daerah Kunak mempunyai geografi yang luas, penempatan berselerak termasuk banyak ladang pendalaman serta komuniti bukan warganegara yang mewujudkan cabaran dari segi akses, liputan perkhidmatan dan respon kesihatan awam.","Komitmen warga kerja, kerjasama rentas unit dan agensi, penggunaan data epidemiologi membolehkan PKD melaksanakan fungsi kesihatan awam dengan berkesan walaupun berdepan kekangan sumber dan infrastruktur.","Skop tugas PKD semakin bertambah dengan beban pelaporan dan tugasan pentadbiran yang tinggi. Penduaan proses kerja, sistem yang tidak bersepadu serta kekangan sumber manusia, infrastruktur dan aset operasi menjejaskan kecekapan pelaksanaan fungsi teras kesihatan awam. Walaupun PKD Kunak merupakan sebuah Pusat Tanggungjawab (PTJ), fungsi pentadbiran dan sokongan masih tidak setara dengan PTJ lain, termasuk ketiadaan jawatan kritikal seperti skim W dan HOE. Bilangan sumber manusia juga tidak seimbang dengan beban kerja dan skop perkhidmatan yang semakin meningkat. Selain itu, terdapat jawatan yang telah dipegang melebihi 15 tahun tanpa penempatan semula (reshuffle) antara daerah, yang boleh menjejaskan pembangunan kompetensi, perkongsian pengalaman serta pengukuhan tadbir urus organisasi.","Pendigitalan sistem, penyelarasan proses kerja, pengurangan birokrasi, pemerkasaan penggunaan data serta kerjasama strategik dengan agensi dan komuniti dapat meningkatkan kecekapan dan keberkesanan perkhidmatan PKD.","Perubahan iklim, peningkatan penyakit berjangkit dan tidak berjangkit, migrasi penduduk, penyebaran maklumat tidak tepat serta peningkatan jangkaan masyarakat terhadap perkhidmatan kesihatan merupakan cabaran utama kepada PKD.

Di samping itu, infrastruktur fasiliti dan kuarters yang telah berusia memerlukan naik taraf bagi menyediakan persekitaran kerja yang kondusif serta menyokong kesejahteraan warga kerja. Kekangan mendapatkan peruntukan bagi projek naik taraf, baik pulih dan penggantian aset turut menjejaskan kelancaran operasi. Kekangan kewangan juga menghadkan pelaksanaan aktiviti lapangan, outreach dan program bersama komuniti. Selain itu, tempoh penempatan yang terlalu lama di sesebuah daerah tanpa penempatan semula secara berkala boleh mengurangkan pendedahan kepada amalan terbaik, inovasi dan budaya penambahbaikan berterusan, sekali gus memberi cabaran kepada pelaksanaan reformasi PKD secara menyeluruh.","Transformasi PKD perlu mengambil kira bidang kuasa dan autonomi sebenar PKD. Banyak aspek yang mempengaruhi prestasi PKD seperti penjawatan, pengisian kekosongan, peruntukan kewangan, pembangunan infrastruktur dan perolehan ditentukan di peringkat yang lebih tinggi. Oleh itu, reformasi PKD bukan sahaja perlu memfokuskan penambahbaikan proses kerja di peringkat daerah, tetapi juga memberi kuasa, fleksibiliti dan autonomi yang bersesuaian kepada PKD untuk membuat keputusan operasi mengikut keperluan setempat. Tanpa pemerkasaan ini, keupayaan PKD untuk melaksanakan transformasi secara menyeluruh adalah terhad."
27/07/2026 16:16:16,Dr. Noriah Ismail,PKD Klang,Selangor,2007,,"PKD Klang is one the biggest district in Selangor. Population coverage is 1.3 million( Malay, Chinese, Indian). It is the port entry point for Selangor. There are 12 health clinics and 12 Klinik Desa. Klang the only district with Type 2 health clinic which is situated at Bandar Botanic and the only Extended hour clinic which is open everyday including public holiday. Disease burden including Communicable and Non-Communicable Disease. Mainly Dengue, TB, HIV/Kusta/HFMD, Influenza and food poisoning. NCD- Dm/HPT/IHD. Klang also has one health clinic at Pulau Ketam(99% are chinese population about 3,000 population)- transportation by boat.",There are 9 PPKA posted at Klang District and 25 FMS posted at 11 health Clinics. State hospital( HTAR) located in this district and opening soon(2027) another major hospital( Hispital Kapar). Klang have a very good support from hospital for heath issues and very supportive District Officer and mayor of Majlis Bandaraya Diraja Klang and Majlis Bandaraya Shah Alam for public health issues eg Dengue control and food premises inspection.!,"Klang district have many foreigners eg Indonesian, Bangkadeshi, Myanmar, UN HCR and others. Mainly illegal came with diseases and behaviour which contibute to the dengue outbreak and TB cluster and Kusta. Maternal and under 5 mortality also among them.",Presently there are 5 health clinic using digital systems and another 5 listed for CCMS by end of this year. It will improve patient waiting time and management at our Clinics. For elderly there are Geriatric clinic at 2 clinics and Geriatric specialist visit monthly from Htar. We also has mental health clinic service at our KK.,Increasing population will affect our resource constraints and influx of foreigner( illegal) will affect our communicable disesa like TB/ leprosy.,We need solution from Kkm for rebuild our clinic at Pulau Ketam dan quaters for staf there.
27/07/2026 16:24:40,Pegawai Kesihatan Daerah ,PKDBD,Pulau Pinang ,3,27/07/2026,"PKD is the centre coordinating all matters regarding the health of the community. We are the main coordinator for the surveillance and management of diseases (communicable and non-communicable diseases) and disaster. To do so, we have to understand the community by working with local leaders, NGO and community. We analyse the health and study the socio-demographic of the community to monitor their needs and concerns. Once we see the gap or needs, we plan the intervention and provides the treatment and management. Pegawai Kesihatan Dearah role also include managing the healthcare facilities, manpower and assets. Planning ahead meant working in tandem with the planned RMK.","In terms of manpower and budgeting, we are not given top priority. Furthermore, turnover is fast because of our suburban locality. I believe the strength is our workforce. We worked with what we have. Thus, we strengthen teamwork and ensure staff are happy at work. With a contented staff, we work as a team, though many posts are not filled and many posts we don’t have.","What enables us is the teamwork we have worked hard for.
What prevent us: There is so much we want to do however, limited by budgets, manpower.
Smaller district still has to manage the same number of programmes, same expecttions to fulfilled all the KPIs. With limited number of staff, many of us are multitaskings and chasing the time limit.
",We need to stand together as a team. Public health needs to support each other. Not compete and compare. The constant comparison of PTJ is disruptive and discouraging,Resources distributions. Budget trickle-down to the district is disproportionate to its actual needs,better support from top management
27/07/2026 16:56:01,Pegawai Kesihatan Daerah ,Pejabat Kesihatan Daerah Bera ,Pahang ,7,27/07/2026,"
1. Mengetuai sistem kesihatan di daerah dan mampu mengkoordinasi fungsi-fungsi berkaitan perkhidmatan kesihatan sekiranya diperlukan (termasuk hospital dan pergigian).
2. Memberi input teknikal kepada pegawai atasan di daerah dan menasihati sekiranya berkaitan kesihatan 
3. Menjalankan analisa situasi beban penyakit berjangkit atau tidak berjangkit dan seterusnya merancang langkah2 yg perlu. Selain memaklumkan kepada pihak berkepentingan sekiranya perlu dan memerlukan inter-agensi collaboration.
4. Merangka dan menjalankan program outreach di lokaliti/institusi yang berisiko bagi mengelakkan penyebaran atau escalation of the disease samada penyakit berjangkit atau tidak berjangkit atau lain-lain isu kesihatan.
5.  Memastikan penyampaian perkhidmatan kesihatan yang berkualiti kepada populasi 
6. Menyusun atur kakitangan bagi memastikan penyampaian perkhidmatan kesihatan yang optimum 
7. Merancang aktiviti promosi yang melibatkan samada kakitangan kesihatan atau penjawat awam lain bagi mencapai misi populasi sihat di daerah dengan melibatkan agensi kerajaan persekutuan atau negeri.
8.","1. Competent and energetic workforce, 
2. Clear mission and vision of the Ministry, JKN anda PKD
3. Good collaboration between agencies in the district
4. Good teamwork between different units 
","1. Limited resources. Sumber manusia - kurang perjawatan kumpulan sokongan klinikal atau pengurusan. Setakat 4/5 orang PPP U5/6untuk aktiviti klinikal, outreach, saringan di klinik dan penyeliaan/pengurusan klinik. Kekurangan JM di daerah menyebabkan ada klinik terpaksa di tutup untuk mobilize ke KD atau KK lain yang lebih memerlukan. Kekurangan pemandu yang tidak diisi atau berganti menyebabkan daerah terpaksa manipulasi sistem. It is very tight and am not sure how long we can sustain. 
2. Poor filling of posts especially supporting staff as if  nobody cares about the 'emptiness'
3. Poor facilities. Klinik kesihatan berusia lebih 40 tahun. Kerap rosak dan sukar dibaiki kerana kekangan kewangan. Ada KK yang belum ada komputer yang mencukupi. Komputer di bahagian pengurusan juga perlu di update brp tahun sekali sehingga tidak boleh di upgrade lagi. 
4. Aset lulus lambat berganti. SBG contoh kenderaan lupus mengambil masa 7 tahun UTK diganti. 
5. Aset tak up to date. Kita masih menggunakan aset lama berusia 10-20 tahun ke atas cth kenderaan, ambulans, mesin ultrasound. Pakai sampai lunyai. Bimbang UTK lupus SBB penggantian sangat lambat 
6. Aktiviti kawalan dan pencegahan diuruskan oleh unit2 kecil dengan sumber manusia dan aset yg tidak memadai. 
7. Aktiviti pengurusan dan sumber manusia diurus oleh kakitangan pengurusan yang sedikit tidak padan dengan beban tugasan yang sedia ada atau jumlah peruntukan yang diuruskan oleh PTJ.
8. Pengurusan data yang tidak seragam dan terlalu banyak . Too many variables and Redundancy of data collected.","1. Digital systems- CCMS, DDMS, use of AI/apps in daily tasks","1. Massive development. Urbanisation. Deforestation introduce or augment disease esp penyakit berjangkit 
2. Foreign workers (legal/ illegal). Transmission of disease to the district from their former country 
3. Perkembangan program/ aktiviti dari setiap bahagian tanpa pengisian/penambahan perjawatan/aset hanya akan menyebabkan program terkubur atau worst collapse of the health system cth UKKM diwujudkan tetapi menggunakan perjawatan PPKP sedia ada. ","Harapan supaya KKM turun padang dan melihat sendiri bagaimana kami menjalankan tugasan dgn berbagai kekangan yang ada. Permudahkan urusan permohonan dan kelulusan aset dan perjawatan. 
Sekiranya ada PTD yang question fungsi PKD tolong back up kami bukannya mengiakan. 
Sekian, terima kasih."
27/07/2026 18:04:57,Pegawai Kesihatan Bahagian,PKB Kapit,Sarawak,3,02/10/2023,"1. Menentukan halatuju kesihatan populasi di bahagian masing-masing
2. Menyelia dan memantau trend penyakit di bahagian masing-masing
3. Menentukan keperluan kesihatan terutama pembangunan, memantau kemajuan projek, dan memastikan projek siap pada waktu yang ditetapkan
4. Memantau dan menjadi tulang belakang pengurusan dalam program kesihatan awam di bahagian
5. Membuat situasi analysis, perancangan dan intervensi bagi semua program di bahagian masing-masing
6. Kolaborasi interagensi untuk menyelesaikan masalah kesihatan awam","1. Kerjasama berpasukan dengan kumpulan pelaksana
2. Leadership
3. Pengalaman dalam pengurusan
4. Population engagement
5. Inter-agency collaboration
6. Communication skills
7. Community engagement 
8. Collaboration with community leaders 
7. Community leaders trust","1. Only 1 PPKA in the division. Overwhelming jobs and scope, delegation of works and tryst need to be developed
2. Logistics issues- vast area coverage, challenge to monitor and financial constraints 
3. Too many red tapes on collaboration with other agencies 
4. Restrictions on data sharing 
5. Management personnel numbers
6. Communications barriers-as some staff does not speaks the community language ","1. Many agencies want to collaborate with PKB especially on research area and population studies
2. Digitalisation","1. Urbanisation 
2. Community expectations esp on what we are doing
3. Resource constraints esp involving 4M
4. Expansion of services without additional HR & funds",
27/07/2026 19:24:42,Pegawai Kesihatan Daerah,Pkd Bandar Baharu,Kedah,4,18/04/2022,"1.	Communicable disease prevention and control 
	Surveillance and notification of infectious diseases. 
       Outbreak investigation and response (e.g. dengue, food- and water-borne diseases,  tuberculosis, COVID-19 and other notifiable diseases). 
	Contact tracing, disease monitoring and implementation of control measures. 
	Vector surveillance and vector control activities, including mosquito breeding site inspections and community fogging where indicated. 

2.	Environmental health and public health enforcement 
	Inspection of food premises, water quality monitoring and sanitation assessments. 
	Enforcement of the Prevention and Control of Infectious Diseases Act and Food Act where applicable. 
	Investigation of environmental health complaints. 
	Monitoring of waste disposal, environmental sanitation and public hygiene. 

3.	Maternal, child and family health 
	Supervision of maternal and child health programmes delivered through health clinics. 
	Growth and developmental monitoring, antenatal and postnatal care oversight. 
	School health and adolescent health programmes. 

4.	Immunisation services 
	Planning and monitoring of childhood immunisation coverage. 
	Vaccine cold-chain management and outreach immunisation activities. 
	School-based vaccination programmes.

5.	Non-communicable disease (NCD) prevention 
	Community screening for hypertension, diabetes and cardiovascular risk factors. 
	Health promotion on healthy lifestyle, nutrition, smoking cessation and physical activity. 
	Monitoring of chronic disease programmes through primary care clinics. 

6.	Occupational and community health 
	Health promotion programmes for workplaces and communities. 
	Investigation of occupational disease notifications and environmental health risks where applicable. 

	Collaboration with local authorities, schools and employers on public health initiatives. 
7.	Health promotion and community engagement 
	Public education campaigns. 
	Community empowerment activities through local leaders, schools and volunteer  organisations. 
	Risk communication during disease outbreaks and emergencies. 

8.	Emergency preparedness and public health surveillance 
	Preparedness for outbreaks, floods and other public health emergencies. 
	Collection, analysis and reporting of district health data to the Kedah State Health Department and Ministry of Health. ","1. Strong leadership and governance
leadership system that provides clear direction, coordination and accountability for public health programmes. The district health management team ensures that national and state health priorities are translated into local action through regular programme monitoring, performance reviews and resource planning. During disease outbreaks or public health emergencies, leadership facilitates rapid decision-making and coordinated responses involving health facilities and external agencies.
Example: During dengue outbreaks, the district health office coordinates surveillance, vector control activities, public communication and inter-agency meetings with the local authority to ensure timely implementation of control measures.

2. Competent and multidisciplinary workforce
The district is supported by a multidisciplinary team comprising public health physicians, medical officers, public health assistants, environmental health officers, nurses, assistant medical officers, pharmacists, laboratory personnel and administrative staff. Staff are trained according to Ministry of Health guidelines and possess experience in communicable disease control, environmental health, maternal and child health, immunisation and non-communicable disease (NCD) programmes.
Example: Public health inspectors conduct environmental investigations during food poisoning incidents while disease control teams simultaneously carry out epidemiological investigations and contact tracing.

3. Strong teamwork and integrated service delivery
Effective collaboration between the district health office, government health clinics (Klinik Kesihatan), rural health clinics (Klinik Desa) and community health teams enables comprehensive service delivery. Routine communication, multidisciplinary meetings and coordinated programme implementation improve efficiency and continuity of care.
Example: Childhood immunisation programmes involve coordination between maternal and child health clinics, school health teams and community nurses to achieve high vaccination coverage.

4. Good local knowledge and community engagement
As a predominantly rural district, PKD Bandar Baharu has developed strong relationships with local communities, village leaders, schools, religious institutions and community organisations. This local knowledge enables staff to identify vulnerable populations, understand community health needs and tailor interventions accordingly.
Example: Health promotion campaigns and dengue prevention activities are often organised in collaboration with village committees (JPKK), schools and local volunteers to encourage community participation.

5. Effective disease surveillance and data utilisation
Routine collection and analysis of surveillance data allow PKD to identify disease trends, monitor programme performance and prioritise interventions. Data-driven planning supports early outbreak detection, monitoring of immunisation coverage and evaluation of public health programmes.
Example: Weekly surveillance data are used to identify dengue hotspots, enabling targeted vector control operations and community education in affected localities.

6. Technical expertise in communicable disease control
Established technical capacity for outbreak investigation, epidemiological surveillance, environmental health assessment and implementation of infection prevention measures. Staff follow standard operating procedures and national guidelines issued by the Ministry of Health.
Example: During outbreaks of food- and water-borne diseases, multidisciplinary teams investigate the source of infection, inspect food premises, collect environmental samples and implement control measures to prevent further transmission.

7. Established primary healthcare network
The district's network of government health clinics and rural clinics provides an effective platform for preventive and primary healthcare services. These facilities enable delivery of maternal and child health services, immunisation, chronic disease management and health promotion closer to the community.
Example: Rural clinics support antenatal care, child growth monitoring and outreach immunisation services for residents living farther from the main health clinic.

8. Strong inter-agency collaboration
PKD works closely with local authorities, educational institutions, government agencies, emergency services and non-governmental organisations to address public health issues requiring a multi-sectoral approach.
Example: Environmental health programmes involve collaboration with the local council for waste management, sanitation improvements and vector breeding site control, while school health programmes are conducted jointly with the Ministry of Education.

9. Commitment to continuous quality improvement
The district regularly monitors key performance indicators, conducts audits and participates in continuous professional development programmes to improve service quality. Feedback from programme evaluations is used to strengthen service delivery and address operational gaps.
Example: Performance monitoring of immunisation coverage, antenatal care indicators and communicable disease notification timelines helps ensure compliance with Ministry of Health standards.
","1.	Strong inter-agency collaboration 
	PKD works with the Majlis Daerah, schools, community leaders, and other government agencies in programmes such as dengue control, health screening, and blood donation campaigns. 
	Example: Joint community clean-up campaigns for dengue prevention involving local authorities and residents improve environmental sanitation and public awareness. 

2.	Community engagement 
	Health promotion activities, school health programmes, and outreach campaigns encourage community participation. 
	Village leaders and volunteers help disseminate health messages and support outbreak response. 

3.	Established surveillance and response systems 
	Routine notification and monitoring of communicable diseases enable timely investigation and intervention. 
	Environmental health inspections and vector surveillance support early prevention of outbreaks. 

4.	Integration with primary healthcare services 
	Close coordination between PKD and government health clinics facilitates continuity of preventive and curative services, including immunisation, maternal health, and non-communicable disease screening. 

Factors preventing effective fulfilment of the public health mandate

1.	Human resource limitations 
	A relatively small workforce must manage multiple public health programmes simultaneously. 
	During disease outbreaks or emergencies, routine services may be delayed because staff are reassigned to outbreak investigations and control activities. 

2.	Large geographical coverage 
	The district includes rural and scattered settlements, increasing travel time for inspections, home visits, outbreak investigations, and health promotion activities. 
	This can reduce the frequency of follow-up visits and delay response in remote areas. 

3.	Increasing workload 
	Public health staff often balance communicable disease control, environmental health inspections, food safety enforcement, health promotion, occupational health, and emergency preparedness simultaneously. 
	Administrative reporting requirements further increase workload. 

4.	Community compliance challenges 
	Some residents may have limited awareness or motivation to maintain environmental cleanliness or comply with disease prevention measures. 
	Sustaining behavioural change requires repeated education and continuous engagement. 

5.	Resource constraints 
	Limited budgets, vehicles, equipment, or digital infrastructure can affect the efficiency of field operations, especially during simultaneous public health events. 

Example workflow

Dengue outbreak response
1.	Notification of suspected dengue case. 
2.	Case investigation by the public health team. 
3.	Entomological survey and source reduction. 
4.	Fogging and larviciding where indicated. 
5.	Health education for affected households. 
6.	Follow-up surveillance and monitoring of new cases. 

Food poisoning investigation
1.	Notification of suspected outbreak. 
2.	Rapid Response Team activated. 
3.	Interviews with affected individuals. 
4.	Food and environmental sampling. 
5.	Inspection of food premises. 
6.	Laboratory testing. 
7.	Control measures and enforcement. 
8.	Final outbreak report with recommendations
","Digital Health and Data Integration

The expansion of digital health systems presents an opportunity to improve disease surveillance, reporting, and service delivery. Integrating electronic health records, communicable disease notification systems, GIS mapping, and real-time dashboards would allow PKD to identify outbreaks more quickly, monitor health trends, and allocate resources more efficiently.
Application:
•	Real-time monitoring of communicable diseases and vector-borne diseases. 
•	Digital appointment and follow-up systems for public health programmes. 
•	Mobile applications for community reporting of environmental health issues, such as mosquito breeding sites. 
•	Data analytics to support evidence-based planning and resource allocation. 

2. Strengthening Workforce Capacity
Continuous professional development is essential as public health challenges become increasingly complex, including emerging infectious diseases, climate-related health risks, antimicrobial resistance, and non-communicable diseases.
Application:
•	Regular training in outbreak investigation, epidemiology, emergency preparedness, and risk communication. 
•	Cross-training staff to perform multiple public health functions during emergencies. 
•	Leadership and management development programmes to strengthen organisational resilience. 
•	Recruitment and retention strategies for rural public health services. 

3. Health System and Policy Reforms
Ongoing national health reforms that emphasise primary healthcare and preventive services provide an opportunity for PKD to expand its role beyond disease control towards comprehensive population health management.
Application:
•	Strengthen integration between hospitals, health clinics, and community health programmes. 
•	Increase emphasis on prevention, early detection, and health promotion. 
•	Improve coordination across different public health programmes using integrated planning. 

4. Community Empowerment and Volunteer Networks
Community participation remains one of the strongest determinants of successful public health interventions. Expanding partnerships with local communities can improve programme sustainability and public ownership.
Application:
•	Train community health volunteers to support health education and disease prevention activities. 
•	Collaborate with schools, religious institutions, resident associations, and local NGOs to promote healthy lifestyles. 
•	Develop community-based surveillance for early identification of public health issues. 

5. Multisectoral Partnerships
Many public health issues are influenced by environmental, educational, agricultural, and social factors. Stronger collaboration with government agencies and private organisations can improve public health outcomes.
Application:
•	Joint dengue prevention initiatives with local authorities. 
•	School-based health promotion programmes with the Ministry of Education. 
•	Food safety collaboration with local businesses and food operators. 
•	Partnerships with universities for technical expertise and programme evaluation. 

6. Research and Evidence-Based Practice
Building research capacity enables PKD to better understand local health needs and evaluate the effectiveness of interventions.
Application:
•	Conduct operational research on local disease trends and health behaviours. 
•	Collaborate with academic institutions to evaluate community health programmes. 
•	Use research findings to improve planning, prioritisation, and policy implementation. 

7. Sustainable Financing and Resource Optimisation
Efficient use of available resources and exploration of additional funding opportunities can improve programme sustainability.
Application:
•	Prioritise high-impact preventive interventions. 
•	Seek research grants and collaborative funding for innovative public health projects. 
•	Use digital technologies to reduce administrative costs and improve operational efficiency. 
•	Strengthen financial planning based on population health priorities. 

8. Service Innovation
Innovative approaches can improve access to preventive services, particularly in rural communities
Application:
•	Mobile health clinics for underserved communities. 
•	Telehealth services for health education, counselling, and follow-up. 
•	Digital health promotion campaigns through social media. 
•	Integrated community screening programmes combining multiple preventive services in a single visit. 
","1. Emerging and Re-emerging Infectious Diseases
The emergence of new infectious diseases and the re-emergence of existing diseases remain significant threats. Increased human mobility and global travel can facilitate the rapid spread of diseases such as COVID-19, dengue, influenza, measles, and hand, foot and mouth disease (HFMD).
Example:
•	A sudden increase in dengue cases following prolonged rainfall may require rapid epidemiological investigations, vector control activities, and public health education, placing considerable pressure on available manpower and resources. 
•	Imported infectious disease cases may require immediate surveillance, contact tracing, and risk communication to prevent community transmission.

2. Climate Change and Environmental Hazards
Climate change is expected to increase the frequency of extreme weather events, including floods, heatwaves, and prolonged rainy seasons. These conditions can influence disease transmission and disrupt public health services.
Example:
•	Flooding may contaminate water supplies, increase the risk of leptospirosis and waterborne diseases, and disrupt healthcare access in affected communities. 
•	Warmer temperatures and increased rainfall can expand mosquito breeding habitats, contributing to higher dengue incidence. 

3. Demographic Changes and Population Ageing
Malaysia's ageing population will increase demand for chronic disease management, preventive care, and community health services.
Example:
•	A growing elderly population may require expanded screening programmes, home-based care, vaccination services, and health promotion targeting healthy ageing, increasing workload for PKD and primary healthcare facilities. 

4. Rising Burden of Non-Communicable Diseases (NCDs)
The increasing prevalence of diabetes, hypertension, obesity, cardiovascular disease, and cancer presents a long-term public health challenge.
Example:
•	Greater demand for community-based screening, lifestyle intervention programmes, and long-term disease prevention initiatives may compete with communicable disease control activities for limited resources. 

5. Health Misinformation and Vaccine Hesitancy
The rapid spread of misinformation through social media can undermine public confidence in public health programmes.
Example:
•	False information regarding vaccine safety may reduce childhood immunisation uptake, increasing the risk of outbreaks of vaccine-preventable diseases such as measles. 
•	During disease outbreaks, misinformation may discourage compliance with public health advice or encourage ineffective preventive measures. 

6. Resource and Workforce Constraints
Increasing programme complexity and public expectations may outpace available financial, human, and logistical resources.
Example:
•	Limited staffing may delay routine inspections, health promotion activities, and outbreak investigations when multiple public health incidents occur simultaneously. 
•	Budget limitations may restrict procurement of equipment, digital technologies, or additional field personnel. 

7. Migration and Population Mobility
Population movement, including migrant workers and transient populations, can complicate disease surveillance and continuity of care.
Example:
•	Mobile populations may be more difficult to reach for immunisation, tuberculosis screening, communicable disease follow-up, and health education, increasing the risk of delayed detection and ongoing transmission. 

8. Increasing Community Expectations
Communities increasingly expect rapid responses, transparent communication, and high-quality public health services.
Example:
•	Delays in responding to complaints about food safety, environmental sanitation, or vector control may reduce public trust and increase scrutiny through traditional and social media. 

9. Public Health Emergencies and Disasters
Natural disasters, industrial incidents, and other emergencies can disrupt routine health services and require rapid mobilisation of public health resources.
Example:
•	During severe flooding, PKD may need to establish temporary relief health services, conduct disease surveillance in evacuation centres, monitor water quality, and provide health education while maintaining essential routine public health programmes. 
",
27/07/2026 19:27:43,Dr,PKD Jasin,Melaka,9 years,27/07/2026,"PKDJ delivers a broad range of public health functions, including communicable disease surveillance and outbreak control, environmental health and sanitation, food safety, vector control, health promotion, maternal and child health oversight, non-communicable disease prevention, occupational health, emergency preparedness, enforcement, and coordination of primary healthcare services across the district.

Jasin has a mixed population (around 160k) comprising urban, semi-urban, rural, agricultural, industrial and FELDA communities. Its wide geographical coverage and scattered settlements influence accessibility, response time and the deployment of health personnel. PKDJ oversees multiple health clinics, rural clinics and community clinics, including several ageing facilities with limited space, infrastructure and parking capacity. Some clinics manage high daily attendances, particularly for outpatient, maternal and child health, diabetes and other chronic disease services.

The district also faces dengue and other communicable disease risks, an increasing burden of non-communicable diseases, an ageing population and vulnerable groups requiring targeted interventions. High-risk settings include schools, food premises, factories, plantations, construction sites and densely populated new housing areas. These factors, together with workforce limitations and growing community expectations, make PKD operations increasingly complex and require strong interagency coordination, prioritisation and continuous monitoring.","The main strength  is its experienced and committed multidisciplinary workforce, supported by clear leadership & strong teamwork across public health & primary care services. Officers & staff possess practical expertise in communicable disease control, vector management, environmental health, food safety, health promotion, MCH, and non-communicable disease prevention.

A key strength is the strong working relationship between Public Health Medicine Specialists at the PKD and Family Medicine Specialists at health clinics. There are no significant issues in coordination, as both groups understand and perform their respective roles while working closely to ensure district programmes & field activities are implemented smoothly.

We also benefits from strong local knowledge of its urban, rural, plantation, FELDA and industrial communities. For example, dengue control activities are planned using case trends, locality mapping and field findings, with coordinated input from surveillance, vector, environmental health and clinical teams.

Effective collaboration with hospitals, local authorities, schools, government agencies, community leaders & private stakeholders further supports outbreak response, health campaigns, enforcement & emergency preparedness. Despite staffing limitations, ageing facilities & increasing workload, strong teamwork, community trust, data use & interagency cooperation enable PKDJ to maintain essential public health functions effectively.","we are currently able to deliver majority of core public health mandate, but its effectiveness is increasingly affected by ageing infrastructure, limited space, workforce constraints & a growing workload. The PKD and several health facilities operate from old buildings with fragmented layouts, inadequate working areas, limited meeting & operational space, insufficient parking, & recurring maintenance needs. These conditions affect staff movement, storage, coordination & the efficient delivery of services.

Operationally, outbreak investigation, dengue control, enforcement & community programmes require close coordination between surveillance, vector, environmental health, health promotion & clinical teams. These workflows generally function well due to committed staff, strong local knowledge & good collaboration between PPKA at PKD and FMS at health clinics. However, limited staffing means officers often manage multiple programmes simultaneously, creating dependence on a small number of experienced personnel. Wide geographical coverage, scattered rural communities & increasing service demand also affect response time & resource deployment. Delays in procurement, maintenance, vehicle availability & approval processes further disrupt field activities. Despite these limitations, teamwork, interagency collaboration & flexible use of available resources enable us to sustain essential public health services.","The most significant opportunity is the proposed development of the new integrated district health complex (KKBD Jasin) & replacement health clinic, which would improve space, workflow, coordination, accessibility & staff working conditions.

Greater use of digital systems could also enhance disease surveillance, field reporting, programme monitoring & data-sharing. 

Existing good collaboration with local authorities, hospitals, schools, industries, plantations, FELDA communities & community leaders can be expanded into more structured multisectoral partnerships. These networks could support dengue prevention, non-communicable disease interventions, emergency preparedness & targeted health promotion.
","A major operational challenge is the growing number of top-down instructions, overlapping reporting requirements & urgent data requests from higher levels, often with limited notice. New programmes are also introduced without corresponding increases in staffing, funding, vehicles, digital support or infrastructure, diverting limited resources from existing priorities.

Management & public health programme audits may identify weaknesses at PKD or staff level without adequately considering local capacity, workload & resource constraints. Audit approaches are sometimes perceived as fault-finding rather than genuinely supporting improvement. PKD leaders and staff are held accountable for complex financial, procurement, asset, governance a& programme requirements, yet structured & official training is not consistently provided, unlike the formal preparation available to some hospital management teams.

Political or external interference, delayed decisions & limited opportunities for constructive discussion with higher management (JKN/KKM) may further affect governance & implementation. Without proportionate standards, capacity-building, streamlined reporting, timely decisions & adequate resources, these pressures may weaken staff confidence & further reduce the PKD’s operational effectiveness.","These transformation initiative should recognize district health offices as the operational backbone of public health. Transformation should strengthen district-level authority, streamline overlapping reporting, improve digital systems & ensure that new programmes are supported with adequate staffing, funding, vehicles, equipment & training. PKD leaders & staff also require structured development in governance, finance, procurement & programme management. Audits should focus on capacity-building & improvement rather than fault-finding. Last but not least, modern integrated facilities & stronger support from higher management are key expectations."
27/07/2026 21:49:48,PEGAWAI KESIHATAN DAERAH,TB,Tb,5,27/07/2026,Please validate the questioanaire.. Too broad,How to answer? ,Please validate the questionaire,,,The task force need to review the methodology.. The leader of task force is not competent to lead the task force.. Poor communication skill. Not Profesional AT ALL!! 
27/07/2026 23:10:01,PAKAR PERUBATAN KESIHATAN AWAM ,PKD LIPIS ,PAHANG,8,18/12/2018,PKD adalah pakar rujuk di daerah bagi sebarang isu kesihatan awam dan menjalankan  serta melaksanakan fungsi2 kesihatan awam seperti yang digariskan oleh WHO. Kawasan operasi PKD Lipis yang diliputi oleh kawasan hutan yg luas serta mempunyai populasi OA pendalaman sgt ramai menjadikan beban penyakit malaria  yg tinggi di daerah serta cabaran penyampaian perkhidmatan kesihatan kpd komuniti yg berisiko ,PKD mempunyai kekuatan anggota dengan kemahiran teknikal untuk melaksanakan fungsi kesihatan awam yang luas meliputi kepelbagaian perjawatan yang terlatih. Kerjasama yang erat sesama pelbagai agensi di dalam daerah turut memudahkan aktiviti kesihatan berkaitan komuniti serta kesiapsagaan bencana yang memerlukan koordinasi yang baik,"Fasiliti PKD/KK yg daif  dan sempit dan kekurangan staf di klinik- klinik dan staf yg kerap bertukar menyukarkan pelaksanaan program yg berkesan. Namun, penyelarasan aktiviti bersama penyelia2 berpandukan POA /plan strategik di daerah & pemantauan lebih kerap dapat sedikit membantu usaha. ","Walaupun malaria merupakan isu penyakit berjangkit utama di daerah,  PKD mengambil kesempatan untuk menjadikan daerah ini sebagai Pusat Kecemerlangan dari segi kawalan kes, pengurusan kes serta pengurusan makmal malaria . Sebagai daerah yg mempunyai populasi OA terbanyak di daerah, terdapat peluang utk inovasi perkhidmatan kesihatan bagi komuniti ini.",Kekangan bajet menyukarkan penyampaian perkhidmatan kesihatan di klinik susulan perabot2 yg lama usang  sehingga staf terpaksa beli aset sendiri utk keselesaan kakitangan & klien serta untuk ,
27/07/2026 23:24:51,PKD,PKD KULAI ,JOHOR,5,08/10/2020,"Kesemua PH functions dijalankan di daerah, namun with a lot of limitation. 
Kulai adalah sebuah daerah baharu (2008), separated from JB, so limited in basic resources (limited manpower- semua jenis penjawatan & only 2 type3 KK's + 2 KK naiktaraf, office PKD adalah sewaan rumah kedai). Fast growing population, latest 350k, going to be 500k in 2030. Heavy burden of infectious diseases, 2nd to JB. ",Strength more to coping and survive. ,Limited resources for effective action,"Good rapport with interagency and leaders at district level, strong community network","Viral issue & complaints, surge of diseases beyond capacity, resources constraints ",
28/07/2026 00:15:58,Pegawai Kesihatan Kawasan,Pejabat Kesihatan Kawasan Kota Kinabalu,SABAH,19 yrs but as peg kes baru 9 bulan,27/07/2026,"current population for KK stands at 552,400 @ 77% warganegara and 23% bukan warganegara.21% <14yrs of age,70% working population and 8% >65 yrs old.Top 3Disease burden in KK is Dengue, TB & NCDs.Accessibility not an issue for KK as we are develop district more so the capital for sabah, we have 16 health clinics ,3 hospitals and 3 port of entry (1 airport & 2 ports)High risk setting more related to infectious disease like TB and HIV
Workload increases every yr at KKs due to public cant afford private hospital fee.workload also increased at Port of entry @number of tourist getting more due to incrase of direct flights to more new destination.workload also increase at sabah port due to higher import eksport atcivities.Community needs favours to affordable  and easy accessible health care ,clean water supply ,increase health literacy","placing more PPKA is the main strenghts at my PKK  so that each of us can go in depth to manage public health issue that we are given responsible .Good  Collaboration and team work from local authorities and other govt agencies in managing disaster ,ouT breaks .","population  saiz  increasing every year but our KKs remain  the same saiz but increasing the no of services making our KKs very very congested,Working enviroment not conducive for our staf and this indirectly increases stresss among health care workers .Too many retens to send, too many KPIs to achieve.climate change plays a role in disease pattern.NOT enough funds to purchase asets , maintain vehicles, maintain buildings wear and tear.
too much justification and paper work is asked to secure funds but at the end of the day no funds received and being carried forward year after year. Pelupusan Aset takes long time to settle.integrity issue among staff takes long time to solve  at KKM level. not enough ICT hardware to promote digitalisation.",CCMS has reduce alot of work load at KKs but CCMS implementation not 100% @not all kks have CCMS so burden remains still the same. ,"in urban setting like kota kinabalu district, public demands are high therefore if needs not met @public will  sispaa PKK KK",need for funds to run public health program at primary health level
28/07/2026 07:00:36,Dr,PKD Pekan,Pahang,5 Years,21/11/2021,"Pejabat Kesihatan Daerah (PKD) Pekan bertanggungjawab menyediakan perkhidmatan kesihatan awam merangkumi survelans penyakit, penjagaan kesihatan primer, keselamatan dan kualiti makanan, kesihatan persekitaran, serta kesihatan pekerjaan di seluruh 11 buah mukim dalam Daerah Pekan.

Keunikan profil kesihatan Daerah Pekan berbanding daerah lain di Pahang terletak pada beban penyakit (disease burden) yang tersendiri. Pekan mengendalikan kes penyakit tropika terabai (neglected tropical diseases) yang memerlukan perhatian khusus, seperti Kusta (Leprosy) dan Filariasis. Hal ini berkait rapat dengan demografi Pekan yang menempatkan populasi berisiko tinggi, iaitu komuniti Orang Asli terbesar di Negeri Pahang. Oleh kerana penyakit-penyakit ini kurang mendapat keutamaan di peringkat nasional, PKD Pekan berdepan cabaran kekangan sumber kewangan dan tenaga manusia.

Pada masa yang sama, PKD Pekan turut memikul beban ganda penyakit (dual burden of disease) berikutan peningkatan insiden penyakit tidak berjangkit (NCD) seperti diabetes, hipertensi, dan obesiti dalam kalangan penduduk setempat.","Kekuatan utama Pejabat Kesihatan Daerah (PKD) Pekan berteraskan kepimpinan berwawasan dan berorientasikan penyelesaian masalah (solution-oriented leadership) dalam mendepani isu kesihatan awam utama di daerah ini.

PKD Pekan disokong oleh tenaga kerja yang kompeten dalam pencegahan, kawalan, dan pengurusan penyakit Kusta di peringkat Penjagaan Kesihatan Primer (primary care), di mana saringan kes disyaki (suspected cases) dilaksanakan secara komprehensif di semua Klinik Kesihatan. Selain itu, kebolehupayaan (versatility) warga kerja lapangan membolehkan pelaksanaan aktiviti bersasar seperti Night Blood Survey (NBS) dan pemetaan populasi berisiko dilaksanakan secara berkesan bagi pengesanan Filariasis.

Bagi memperkasakan kecekapan diagnostik dan klinikal, PKD Pekan melaksanakan program peningkatan kapasiti berasaskan bukti:

Pengukuhan Diagnostik Makmal: Penghantaran Juruteknologi Makmal Perubatan (JTMP) untuk latihan sangkut (attachment) di Makmal Kesihatan Awam Kebangsaan (MKAK) bagi meningkatkan kepakaran pengesanan Kusta.

Pemantapan Kemahiran Klinikal: Peningkatan kompetensi wajib bagi semua Penolong Pegawai Perubatan (PPP) dalam prosedur Pengambilan Calitan Kulit (Slit Skin Smear - SSS).

Melalui perancangan strategik di peringkat daerah serta kolaborasi merentas sektor bersama JAKOA, Pejabat Daerah dan Tanah, serta institusi pengajian tinggi, PKD Pekan berjaya mengoptimumkan penggunaan sumber yang terhad seterusnya meningkatkan kadar pengesanan kes Kusta dan Filariasis","Cabaran dan kelemahan utama yang dihadapi oleh Pejabat Kesihatan Daerah (PKD) Pekan berpusat pada kekangan sumber kewangan, logistik, dan rantaian bekalan ubat-ubatan.

Bagi kawalan penyakit Kusta, PKD Pekan telah mengenal pasti 18 Saku Endemik (Pockets of Endemicity - PoE) yang memerlukan program survelans berterusan selama lima (5) tahun. Pelaksanaan program Pengesanan Kes Aktif (Active Case Detection - ACD) di setiap PoE melibatkan kos operasional yang amat tinggi, terutamanya bagi tuntutan kerja lebih masa (OT), elaun perjalanan (mileage), serta pengurusan logistik program. Cabaran ini disukarkan lagi oleh faktor infrastruktur, merangkumi usia kenderaan pacuan empat roda (4WD) yang uzur, peralatan lapangan yang tidak diganti, serta modaliti diagnostik usang seperti mikroskop yang memerlukan penambahbaikan atau penggantian segera bagi mengekalkan kualiti saringan.

Manakala bagi penyakit Filariasis, PKD Pekan berdepan isu ketersediaan ubat-ubatan khusus. Buat masa ini, kawalan terpaksa dihadkan kepada aktiviti ACD dan rawatan kes yang disahkan sahaja. Pelaksanaan intervensi berimpak tinggi iaitu Pemberian Ubat Massa (Mass Drug Administration - MDA) terpaksa ditangguhkan berikutan kelewatan pembekalan ubat-ubatan tersebut di peringkat pusat.","Peluang strategik bagi memperkasakan kawalan Kusta dan Filariasis di Pekan merangkumi pendigitalan perkhidmatan seperti tele-dermatologi untuk saringan awal serta pemetaan mikro GIS di 18 PoE. Kerjasama rentas sektor dan CSR membuka ruang perolehan aset kritikal seperti kenderaan 4WD dan mikroskop digital moden. Manakala, pemerkasaan komuniti menerusi pelantikan Duta Kesihatan Orang Asli berupaya menangani stigma, memantau pematuhan rawatan, dan menjayakan Pemberian Ubat Massa (MDA). Langkah ini disokong oleh pembangunan modal insan menerusi standardisasi prosedur Slit Skin Smear (SSS) serta latihan sangkut JTMP di MKAK demi mempertingkatkan kecekapan diagnostik, survelans, serta kawalan lapangan secara berterusan.","Ancaman luaran dan cabaran baharu memberi implikasi kritikal terhadap usaha eliminasi Kusta dan Filariasis di Daerah Pekan. Bentuk muka bumi menyukarkan akses logistik lapangan, sekali gus mengganggu pelaksanaan program Pengesanan Kes Aktif (Active Case Detection - ACD) dan penyampaian rawatan.

Isu ini kian meruncing berikutan mobiliti tinggi komuniti Orang Asli yang kini semakin mudah berhijrah merentasi sempadan mukim dan daerah berdekatan. Sifat migrasi berterusan ini amat menyukarkan pematuhan serta penyempurnaan rawatan jangka panjang seperti Multi-Drug Therapy (MDT) Kusta, seterusnya menyebabkan kegagalan rawatan dan mewujudkan risiko tinggi penularan semula penyakit tersebut ke kawasan atau populasi baharu. Selain itu, kesukaran untuk menjalankan survelan 5 tahun bagi kes kusta

Di samping itu, stigma masih ada dikalangan masyarakat merencat penyertaan komuniti dalam program Mass Drug Administration (MDA) Filariasis. Keadaan ini disukarkan lagi oleh kelewatan rantaian bekalan ubat-ubatan khusus dari peringkat pusat serta peningkatan kos logistik operasi survelans. Justeru, pendekatan kawalan kesihatan awam berasaskan pemantauan mobiliti dan kerjasama rentas daerah amat diperlukan.","Isu kritikal yang menjejaskan inisiatif transformasi PKD Pekan merangkumi kelemahan infrastruktur asas. Dari sudut logistik, keuzuran kenderaan pacuan empat roda (4WD) menyukarkan jangkauan pasukan lapangan ke kawasan pedalaman. Selain itu, peralatan diagnostik khusus bagi kawalan Kusta dan Filariasis—seperti mikroskop moden—masih amat terhad.

Cabaran paling utama ialah ketiadaan langsung peranti ICT dan Sistem Pengurusan Klinik (Clinical Care Management System - CCMS) di Klinik Kesihatan seluruh daerah, sekali gus melumpuhkan agenda digitalisasi KKM. Harapan kami agar transformasi PKD memberikan keutamaan kepada pemodenan aset logistik, peruntukan peralatan diagnostik, serta penyediaan peranti ICT bagi merealisasikan penyampaian perkhidmatan kesihatan yang saksama, moden, dan berkesan."
28/07/2026 07:04:45,PKD,PKD SEGAMAT,JOHOR,6,27/07/2026,"manage outbreak and any health related events (flood, earthquake), plan of screening and intervention of ncd burden, health promotion, and doing enforcement based on act","have good leader in each unit, continuous learning and good collaboration with community","limited budget especially handling health promotion in community, no specific budget to our volunteer,  not enough equipment and some are old, take a long time to filling the employment if left or retire",good support from pbt especially in controlling dengue and doing health promotion. ,climate change lead to health related event,"PKD perlu dibangunkan selaras pelan untuk memajukan prevention health in malaysia kerana ia nadi daerah. perlu melihat kembali isu penjawatan yang boleh membantu melancarkan institusi pkd (sumber, kewangan, pentadbiran), melihat perancangan pembaikan fasiliti pkd dan perlu continuous learning in terms of leadership and managing"
28/07/2026 07:26:06,Pegawai Kesihatan Lembah Pantai,PKD Lembah Pantai,Wilayah Persekutuan Kuala Lumpur,10,18/10/2015,"The District Health Office (PKD) in Kuala Lumpur city centre is responsible for planning, coordinating, implementing, and monitoring comprehensive public health programmes aimed at protecting and improving the health of the urban population. The core functions include communicable disease surveillance and control, non-communicable disease (NCD) prevention and health promotion, environmental health, occupational health, food safety and quality, vector control, maternal and child health, school health services, outbreak investigation, emergency preparedness, health education, and enforcement of relevant public health legislation. The PKD also collaborates closely with hospitals, primary care clinics, local authorities, educational institutions, private healthcare providers, and community organisations to ensure integrated public health service delivery.

As an urban district, Kuala Lumpur city centre presents a unique and highly complex public health environment. The district serves a large and densely populated population comprising permanent residents, daily commuters, international tourists, migrant workers, students, and transient populations. This high population density, coupled with rapid urbanisation and continuous population movement, increases the risk of communicable disease transmission and requires continuous disease surveillance and rapid outbreak response.

The disease burden reflects both communicable and non-communicable health challenges. Dengue remains one of the most significant vector-borne diseases due to the abundance of construction sites, high-rise residential buildings, and favourable mosquito breeding environments. Tuberculosis, respiratory infections, food- and water-borne diseases, and emerging infectious diseases also require continuous monitoring. At the same time, the district experiences a high prevalence of NCDs such as diabetes mellitus, hypertension, obesity, cardiovascular diseases, and mental health conditions, driven by sedentary lifestyles, unhealthy diets, and an ageing urban population.

Geographically, although Kuala Lumpur has excellent road networks and healthcare infrastructure, traffic congestion and the large number of service areas can delay field investigations, vector control activities, environmental inspections, and emergency responses. The district contains numerous healthcare facilities, including tertiary hospitals, specialist centres, private hospitals, clinics, laboratories, and pharmacies, requiring extensive coordination between public and private sectors for disease notification, surveillance, and public health interventions.

Several high-risk settings further increase the complexity of PKD operations. These include construction sites, migrant worker accommodations, schools, childcare centres, universities, hotels, shopping malls, food establishments, places of worship, transportation hubs, entertainment venues, and densely populated residential areas. These settings require regular inspections, health promotion activities, environmental monitoring, and rapid response during disease outbreaks.

The workload of an urban PKD is substantial due to the high volume of disease notifications, outbreak investigations, vector surveillance, food premises inspections, occupational health assessments, vaccination programmes, health promotion campaigns, and enforcement activities. Continuous monitoring of public health indicators, emergency preparedness, and inter-agency collaboration are essential to ensure timely and effective service delivery.
Community needs in Kuala Lumpur are highly diverse because of differences in socioeconomic status, cultural backgrounds, languages, occupations, and health literacy. Public health interventions therefore need to be targeted, culturally appropriate, and evidence-based. Digital health communication, community engagement, risk communication, and partnerships with local stakeholders are increasingly important in promoting healthy behaviours and improving population health outcomes.

Overall, the urban characteristics of Kuala Lumpur city centre—including high population density, diverse demographics, heavy population mobility, complex disease patterns, numerous high-risk settings, and extensive stakeholder involvement—significantly influence the scope and complexity of PKD functions. Effective public health practice in this setting requires strong surveillance systems, multidisciplinary collaboration, rapid response capacity, and continuous adaptation to emerging public health challenges.","The District Health Office (PKD) demonstrates several key strengths that enable it to deliver effective and responsive public health services in a complex urban setting such as Kuala Lumpur city centre.

One of the greatest strengths is strong and supportive leadership. Public health leaders provide clear direction, encourage evidence-based decision-making, and empower officers to take ownership of their responsibilities. Leadership also promotes innovation, accountability, and continuous quality improvement while maintaining good relationships with stakeholders and policymakers to facilitate timely implementation of public health programmes.

Another major strength is a competent and multidisciplinary workforce. The PKD comprises public health specialists, medical officers, environmental health officers, assistant environmental health officers, public health nurses, health inspectors, epidemiologists, pharmacists, nutritionists, and administrative personnel who work together to achieve common public health goals. Staff are assigned according to their expertise, ensuring that the right person is placed in the right role, which improves efficiency and service quality.

Excellent teamwork and inter-sectoral collaboration are also essential strengths. Close collaboration exists between different PKD units, hospitals, primary care clinics, local authorities, educational institutions, government agencies, private healthcare providers, and community organisations. This multidisciplinary approach enables rapid outbreak investigations, coordinated vector control activities, effective health promotion programmes, and efficient emergency responses.

The PKD also has strong capability in data collection, surveillance, and analysis. Routine monitoring of disease notifications, epidemiological trends, and programme indicators allows early detection of outbreaks, identification of high-risk populations, and evidence-based planning of interventions. Data-driven decision-making ensures that resources are prioritised where they are most needed and public health programmes remain responsive to changing community needs.

Another important strength is strong community engagement and public trust. The PKD actively works with community leaders, resident associations, schools, workplaces, and non-governmental organisations to increase public participation in health promotion activities, vaccination programmes, vector control initiatives, and disease prevention campaigns. Empowering communities to take ownership of their health contributes to sustainable public health outcomes.

The PKD also benefits from good collaboration with policymakers and local authorities. Strong support from government agencies facilitates implementation of public health policies, environmental health enforcement, outbreak control measures, and community-based interventions. This collaborative governance enables timely decision-making and effective resource mobilisation during public health emergencies.

Finally, the PKD possesses strong local knowledge and technical expertise. Staff are familiar with the district's demographic profile, disease patterns, high-risk settings, and community needs. This local understanding allows public health interventions to be tailored appropriately, improving their effectiveness while ensuring efficient utilisation of available resources.

Overall, the combination of strong leadership, a skilled multidisciplinary workforce, effective teamwork, strategic data analysis, empowered communities, supportive policymakers, technical expertise, and deep local knowledge enables the PKD to deliver high-quality, evidence-based public health services and respond effectively to the evolving health challenges of an urban district.","The District Health Office (PKD) operates in a highly complex urban environment where the demand for public health services continues to increase due to rapid urbanisation, a dense population, and diverse community needs. While the PKD has a competent workforce, strong leadership, and effective collaboration with various stakeholders, several operational and structural challenges affect its ability to fully achieve its public health mandate.

One major challenge is dengue control. Vector control responsibilities are shared between the PKD and Kuala Lumpur City Hall (DBKL), with localities divided between the two agencies. This division sometimes creates coordination challenges, delays in intervention, and inconsistencies in vector control activities, making it more difficult to achieve comprehensive dengue prevention and outbreak control across the district.

Another significant issue is the shortage of administrative personnel, particularly clerical staff. As a result, professional staff such as medical officers and public health officers often have to perform administrative duties in addition to their technical responsibilities. This reduces the time available for field investigations, programme planning, surveillance, and community engagement, ultimately affecting operational efficiency.

The very large and densely populated urban population further increases the workload of the PKD. High population density leads to a greater number of disease notifications, inspections, health promotion activities, outbreak investigations, and environmental health issues, placing considerable pressure on the available workforce and resources.

The district also has a large migrant and transient population, making public health interventions more challenging. Language barriers, varying levels of health literacy, and limited awareness of public health practices can affect compliance with disease prevention measures. In addition, poor environmental hygiene in certain high-density residential and commercial areas contributes to mosquito breeding and increases the risk of communicable disease transmission.

Furthermore, the high level of social interaction and mobility within Kuala Lumpur city centre—including shopping malls, workplaces, schools, public transport hubs, tourist attractions, and entertainment venues—creates favourable conditions for the rapid spread of communicable diseases. Continuous surveillance, rapid response, and close inter-agency collaboration are therefore essential to minimise public health risks.","Several current and emerging opportunities could further strengthen the future role and performance of the District Health Office (PKD) in Kuala Lumpur city centre.
One of the most important opportunities is strong political will and support from policymakers. Good collaboration with political leaders enables faster implementation of public health policies, improves resource allocation, and strengthens community participation in disease prevention programmes. Political support is particularly valuable during dengue outbreaks and other communicable disease emergencies, where coordinated action and public compliance are essential.

Another key opportunity is the strong collaboration with Universiti Malaya. Academic partnerships provide opportunities for operational research, epidemiological studies, programme evaluation, and evidence-based policy development. University expertise can also support workforce training, data analysis, innovation, and the translation of research findings into practical public health interventions.

The PKD also benefits from good multisectoral collaboration with other government agencies, including DBKL, hospitals, primary healthcare clinics, schools, enforcement agencies, and community organisations. Strengthening these partnerships can improve coordinated responses to communicable diseases, environmental health issues, health promotion activities, and emergency preparedness through better information sharing and joint planning.

Digital transformation presents another significant opportunity. Expanding integrated surveillance systems, electronic reporting, GIS mapping, and real-time data dashboards would improve disease monitoring, outbreak detection, programme evaluation, and decision-making. Digital systems can also reduce administrative workload and allow professional staff to focus more on technical public health responsibilities.

Finally, continued workforce development and community engagement will enhance the PKD's long-term capacity. Ongoing professional training, leadership development, and multidisciplinary learning will strengthen staff competencies, while empowering local communities, resident associations, educational institutions, and non-governmental organisations will promote shared responsibility for disease prevention and health promotion.

Overall, by leveraging political commitment, strengthening partnerships with Universiti Malaya and other agencies, expanding digital health systems, investing in workforce development, and enhancing community participation, the PKD can further improve the effectiveness, efficiency, and sustainability of public health services in a complex urban environment.","The District Health Office (PKD) in Kuala Lumpur city centre is expected to face several external threats and emerging challenges that may affect its ability to protect and improve population health.

One significant challenge is rapid urbanisation and population growth. Continuous residential development has resulted in an increasing number of residents, placing greater demand on existing primary healthcare services. In some areas, health clinics have become overcrowded and are operating beyond their intended capacity, leading to longer waiting times, increased workload for healthcare workers, and limited access to timely healthcare services.

Another emerging challenge is the changing urban lifestyle, including the increasing number of 24-hour food establishments. Greater availability of food throughout the day and night may contribute to unhealthy eating habits, obesity, diabetes mellitus, and other non-communicable diseases (NCDs). This trend increases the need for stronger health promotion and preventive programmes targeting healthy lifestyles.

The misuse of certain fitness centres and recreational facilities for illegal or high-risk activities also poses public health concerns. Such activities may increase the risk of sexually transmitted infections (STIs), substance misuse, and other health and social problems. Addressing these issues requires close collaboration between the PKD, law enforcement agencies, local authorities, and community organisations.
The district is also affected by high population mobility and migration, including migrant workers, international visitors, and transient populations. Frequent movement of people increases the risk of communicable disease transmission and makes disease surveillance, contact tracing, and health promotion more challenging.

In addition, climate change and environmental factors may contribute to more frequent dengue outbreaks, heat-related illnesses, flash floods, and other climate-sensitive health risks. Urban environmental conditions, including construction activities and high-density housing, may further increase mosquito breeding and the spread of vector-borne diseases.","Several additional issues and expectations should be considered in the ongoing PKD transformation initiative.

One issue is the high level of public awareness among the urban population, which has led to a substantial increase in complaints related to smoking offences and food premises. While community participation is encouraging, the high volume of complaints requires significant staff time for investigations, reducing the capacity of public health officers to focus on core public health functions such as disease surveillance, outbreak control, health promotion, and programme implementation. A more efficient complaint management system, including risk-based prioritisation and digital triaging, could improve resource utilisation.

There is also a need to prioritise the allocation of Environmental Health Officers (Inspektor Kesihatan/IK) to programmes with the highest disease burden and public health impact. Workforce deployment should be based on epidemiological data and service demands to ensure that limited human resources are utilised effectively.

Another expectation is the digitalisation of Ministry of Health (MOH) compound payment services. Allowing fines or compounds to be paid online would make the payment process more convenient for the public, improve compliance, reduce administrative workload, and increase operational efficiency.

From a health system perspective, service rationalisation should also be considered. Primary healthcare clinics with consistently low patient attendance could be reviewed for consolidation or restructuring, allowing financial and human resources to be redirected to high-demand clinics and priority public health programmes. Such decisions should be guided by accessibility, equity, and population health needs.

Finally, there is hope that government health clinics can be upgraded to provide facilities and patient experiences comparable to well-managed private clinics. Improvements in infrastructure, waiting areas, digital appointment systems, patient flow, cleanliness, and customer service would enhance patient satisfaction, strengthen public confidence in government healthcare services, and improve the overall quality of care.

"
28/07/2026 09:03:30,District health officer,PKD gua musang,Kelantan,6,27/07/2026,"The most complexity of the PKD GM's work is due to its geographical factors, off-road conditions and illegal migrants. High malaria burden in far and rural area is the main challenges that cause prevention and control activities fatigue. On top of that, the indigenous populations serve as challenge due to its logistic issues and uniqueness of the clinical presentation. It is still a big challenge to reduce the morbidity and mortality among indigenous population especially under 5 population.","A good public health leadership and adequate duration of experience in Gua Musang is the most important factors to effectively manage public health issues and challenges in Gua Musang. Due to high turn over of staff, the District Health Officer must lead, organize and have detail planning to all health issues and it is crucial to use local data to make a local policy. For example, starting December 2021, we started a public-private partnership between PKD and all GP in Gua Musang to enhance malaria surveillance by engaging GP to perform they own BFMP slide smearing and the slide were processed and read by our JTMP. We also did a good BFMP smearing technique for the GP and did a road-tour when any competency issues raised. 

A good collaboration between PKD and other agencies especially JAKOA in managing health issues among indigenous population in Gua Musang, particularly for transportation and compliance to follow up by bringing in/out to and fro indigenous post to health clinic.","High turn over of intermediate leader at district level- Epidemiology Officer, PKP, Matron, PPP, JTMP caused challenges of the lead to understand their subordinate and further planning for the manpower and programe. This caused difficulty in continuation of planning in PKD.","Good partnership between PKD and GPs. Also good collaboration between PKD, Ahli-ahli Dewan Undangan Negeri (ADUN) and Panel Penasihat Klinik Kesihatan to increase population trust towards public healthcare systems.","Rapid deforestation, extensive land clearing for logging, plantation and mining has led to environmental changes, vector ecology, and entry of many illegal immigrants. Hence, Gua Musang's district is high risk for failure in prevention of malaria re-introduction. The entrance of illegal immigrants is inevitable and Immigration Department is the main player to prevent flooding of immigrants.",